,Intangible Assets (Period 1),Total Assets (Period 1),Total Current Liabilities (Period 1),Total Non Current Liabilities (Incl Provisions) (Period 1),Loan ID,Company Name,RR1,RR distribution Max 8.333333333333334,RR distribution Max 25.0,RR distribution Max 41.66666666666667,RR distribution Max 58.333333333333336,RR distribution Max 75.0,RR distribution Max 91.66666666666667,RR2,RR2 distribution Mid 8.333333333333334,RR2 distribution Mid 25.0,RR2 distribution Mid 41.66666666666667,RR2 distribution Mid 58.333333333333336,RR2 distribution Mid 75.0,RR2 distribution Mid 91.66666666666667,RR3,RR3 distribution Mid 8.333333333333334,RR3 distribution Mid 25.0,RR3 distribution Mid 41.66666666666667,RR3 distribution Mid 58.333333333333336,RR3 distribution Mid 75.0,RR3 distribution Mid 91.66666666666667,RR4,RR4 distribution Mid 8.333333333333334,RR4 distribution Mid 25.0,RR4 distribution Mid 41.66666666666667,RR4 distribution Mid 58.333333333333336,RR4 distribution Mid 75.0,RR4 distribution Mid 91.66666666666667
0,0.0,1167564.0,127281.0,0.0,6,APEX NETWORKS LIMITED,91.66666666666666,11.348730981836178,7.1755866062210805,11.43900924684919,7.5160265052793305,30.160634713776275,32.36001194603794,91.66666666666666,12.306595298267986,10.42605038233062,13.768038339120242,11.327812258618833,23.599995411809687,28.57150830985263,91.66666666666666,16.818849717081843,12.036075976927277,14.236501388709154,9.21058320742751,21.773760467635512,25.9242292422187,8.333333333333332,24.10414963771972,11.061049191433314,17.725833085889956,10.10672254294573,17.523733174141622,19.47851236786966
1,0.0,5965668.0,-4320978.0,-32479.0,11,REDINGTON LIMITED,8.333333333333332,58.7870664163319,13.776428104169147,5.2762364717237125,9.135810020913745,7.2606382234929985,5.763820763368492,8.333333333333332,42.56619076918952,29.95407083551383,9.526087690508888,12.386318843523188,3.150190173661395,2.417141687603177,8.333333333333332,36.55440416906287,28.598548974515626,11.984338805694943,9.922109770791923,5.829339516902618,7.1112587630320245,25.0,24.074755748644233,26.827239984229877,23.349314401366126,14.378421825444851,3.7456070647479085,7.624660975567006
2,0.0,3881000.0,2210000.0,79000.0,13,HATHERTON HOLDINGS LIMITED,91.66666666666666,8.92648561318401,6.133194215577839,10.782780638875918,9.439211248561033,28.01438873718413,36.70393954661707,91.66666666666666,6.116403359581716,8.0135135537079,13.640633946488487,12.575606060413797,27.860966910659858,31.792876169148233,91.66666666666666,11.732834719102533,10.521841959706949,13.659300551221293,13.91330787913362,22.55817465510052,27.614540235735085,91.66666666666666,10.357451982051447,10.159469790311451,14.39039822442863,17.667640637383723,22.25360918793132,25.171430177893438
3,0.0,10576611.0,3314862.0,25811.0,14,MEIKA LTD,91.66666666666666,11.146992005685512,7.01455937450675,10.623377269362408,8.89089050619031,29.546891832084064,32.777289012170954,91.66666666666666,12.399838822952388,10.50618479974402,13.931203998828263,8.630688012443175,23.830838852762014,30.70124551327015,91.66666666666666,13.49351198985566,12.239629506446018,14.637868821277845,9.586646651530154,22.74981431083784,27.292528720052477,91.66666666666666,18.74957310114885,9.598834942068981,15.184232870390959,16.438557166110936,18.154097554235598,21.874704366044675
4,0.0,2879554.0,-2389022.0,-136265.0,15,CONCEPTA CAPITAL LIMITED,8.333333333333332,58.7870664163319,13.776428104169147,5.2762364717237125,9.135810020913745,7.2606382234929985,5.763820763368492,8.333333333333332,42.56619076918952,29.95407083551383,9.526087690508888,12.386318843523188,3.150190173661395,2.417141687603177,8.333333333333332,36.55440416906287,28.598548974515626,11.984338805694943,9.922109770791923,5.829339516902618,7.1112587630320245,25.0,24.074755748644233,26.827239984229877,23.349314401366126,14.378421825444851,3.7456070647479085,7.624660975567006
5,0.0,2068000.0,1160000.0,45000.0,16,DICKINSONS (PLUMBING & HEATING CONTRACTORS) LIMITED,91.66666666666666,8.92648561318401,6.133194215577839,10.782780638875918,9.439211248561033,28.01438873718413,36.70393954661707,91.66666666666666,6.1050814067464945,7.996348012312563,13.619442857774777,12.557129262384093,27.811301277556016,31.91069718322605,91.66666666666666,11.656909946991636,10.470592738532089,13.579084378947604,13.813579664955519,22.997549089482852,27.482284181090293,91.66666666666666,10.35500458777171,10.152795078639446,14.377124221555487,17.653221880386834,22.233528004097593,25.22832622754894
6,0.0,9406526.0,5669665.0,280825.0,18,AFTAB CURRENCY EXCHANGE LIMITED,91.66666666666666,8.826318982198114,6.019115552510566,10.517823744009998,9.182534256659672,29.493746101443012,35.960461363178645,91.66666666666666,5.302279951369121,7.995262885433063,13.649287267167514,12.562139809618003,27.857707977306422,32.63332210910587,91.66666666666666,11.4028940330221,10.129679816820147,13.259212487282262,13.424546283200375,25.305017941241193,26.47864943843391,91.66666666666666,8.352666996129434,9.476613709541052,12.806360520600407,16.576120756508246,25.31284372989574,27.475394287325123
7,0.0,14954000.0,3783000.0,14476000.0,22,CMME GROUP LIMITED,41.66666666666667,4.627935726494027,10.859279619476359,38.33706864377903,37.71380527740417,5.460368322816898,3.001542410029522,41.66666666666667,7.736428356502764,18.733600693554514,33.57704878064048,33.4615593374962,4.006091654564329,2.485271177241726,58.33333333333333,11.398301550540147,13.88902207697913,28.198044810910172,33.4410682553862,8.466412921721199,4.607150384463159,41.66666666666667,17.481652525008744,20.673894359968838,32.48774570357435,19.397945555879666,5.521097626438505,4.4376642291299015
8,0.0,3683023.0,2423140.0,725000.0,24,SWEEEP KUUSAKOSKI LIMITED,75.0,4.393672054562427,6.534288332381788,9.468419633734143,15.620785663690487,32.98591891242874,30.996915403202408,75.0,3.6281227818209296,7.736530513076858,10.840054670336704,18.507575287658895,31.423005336377425,27.864711410729182,75.0,3.800493759294876,6.9895228625200545,11.589730885374836,19.29373655618126,31.98435089021286,26.342165046416117,75.0,4.466089310346434,8.718099063899567,11.341641281633892,18.31848726490803,33.74776225489995,23.40792082431213
9,0.0,6882915.0,1639951.0,161000.0,31,DUNSTAN THOMAS GROUP LIMITED,91.66666666666666,11.348730981836178,7.1755866062210805,11.43900924684919,7.5160265052793305,30.160634713776275,32.36001194603794,91.66666666666666,11.707254913228287,10.311417018932836,14.05389412753483,6.1528410203337085,25.662254287019547,32.112338632950795,91.66666666666666,13.435386481714215,11.590236757385444,14.581182611433233,9.560074990665493,23.611448201054905,27.221670957746714,91.66666666666666,16.07731909058195,10.01932797227637,14.81099149825711,13.18081980816393,21.641610711560453,24.269930919160192
10,0.0,1984237.0,1401553.0,0.0,32,TECHLAND SYSTEMS INTERNATIONAL LIMITED,91.66666666666666,8.709769532654947,5.886378679419739,10.359855895042399,9.122652960528471,30.514913735120132,35.40642919723431,91.66666666666666,10.793638336318008,9.59062618700554,12.853846655995921,15.004350303735842,23.86394253880649,27.89359597813819,91.66666666666666,11.901769147216934,10.686261836026178,13.849313140496534,14.070652060951497,21.50248907098751,27.98951474432134,91.66666666666666,18.19383091071616,9.772728620052378,13.107373287200632,16.751559855794003,18.476389767616393,23.698117558620435
11,0.0,4795762.0,1317190.0,75186.0,33,JANSPEED TECHNOLOGIES LIMITED,91.66666666666666,11.348730981836178,7.1755866062210805,11.43900924684919,7.5160265052793305,30.160634713776275,32.36001194603794,91.66666666666666,12.287959607356463,10.3639279580324,14.154238066013992,6.206466329550033,25.802258299902075,31.18514973914504,91.66666666666666,13.435386481714215,11.590236757385444,14.581182611433233,9.560074990665493,23.611448201054905,27.221670957746714,91.66666666666666,16.583741255625352,10.365704402106827,15.232652708853973,13.63658036501582,19.715632465344864,24.46568880305317
12,0.0,46126000.0,35041000.0,10246000.0,34,EAGLEMOSS LIMITED,91.66666666666666,3.361229702603606,6.58603814093243,10.212701232916178,20.105189641350446,29.499518588791336,30.235322693405998,75.0,4.6185865430094175,10.853037329287659,12.668691794909986,22.74598791045793,25.740291317226877,23.37340510510812,91.66666666666666,4.158537125157779,8.501192587914133,13.980783608991814,24.332897727537084,23.083344012595525,25.943244937803666,75.0,5.135058197322595,9.811791743515288,13.763129264575399,19.950293076666046,29.79900282871826,21.54072488920241
13,0.0,3839270.0,3128787.0,64382.0,36,SMARTS PLUMBING SPECIALISTS LIMITED,75.0,8.616396450717847,6.33517561441195,9.974531706771419,13.64890234846764,31.737433126891357,29.68756075273979,91.66666666666666,4.53636932190669,7.944882218926674,12.286810380255282,18.564637681617217,27.76173507568607,28.905565321608062,91.66666666666666,9.74973034367843,10.33417302757167,12.997991945255555,13.926137516108932,25.938035282272615,27.053931885112803,91.66666666666666,10.463949378745093,10.278621908244126,14.519028302504191,19.522516823235062,22.489448003551303,22.726435583720228
14,0.0,1510176.0,1083740.0,365044.0,37,GEM VENDING LIMITED,91.66666666666666,3.2784197060859057,6.569274495850499,10.18511024352884,20.057673770409025,29.743226342434127,30.1662954416916,75.0,4.605574519970599,10.830953034630104,12.644337433204585,22.691954047718415,25.683211909496595,23.543969054979694,91.66666666666666,4.146987214062182,8.478168255337943,13.944997217787684,24.275293453959677,23.030313775629725,26.124240083222794,75.0,3.5005020714263146,9.105197340801336,13.764502959078207,20.11824142203465,31.43664233186872,22.074913874790777
15,0.0,843589.0,562395.0,26509.0,39,FATHERSON BAKERY LIMITED,91.66666666666666,8.709769532654947,5.886378679419739,10.359855895042399,9.122652960528471,30.514913735120132,35.40642919723431,91.66666666666666,4.820780317953157,7.716268939415396,13.869338195122408,12.835497455448522,28.389602680932896,32.368512411127625,91.66666666666666,9.693917603134512,10.299022747785864,13.524270987924252,13.754078473187716,25.813046734138346,26.915663453829307,91.66666666666666,7.292634961860746,8.466688063744234,12.378722635315187,16.078951580597252,27.618799167627984,28.164203590854598
16,0.0,5750000.0,4520000.0,0.0,40,REDINGTON LIMITED,91.66666666666666,8.647900279661913,6.229952207202112,10.19028958691247,12.597842170719693,30.02230770140774,32.31170805409607,91.66666666666666,10.793638336318008,9.59062618700554,12.853846655995921,15.004350303735842,23.86394253880649,27.89359597813819,91.66666666666666,12.178015203929467,10.868359881934516,12.227290515462236,14.308849699711018,21.863883523136167,28.553601175826586,91.66666666666666,14.539316130077498,9.93412096546945,13.374715333961834,18.404784047017113,21.577980841259162,22.169082682214942
17,0.0,670403.0,398155.0,0.0,41,DIGITAL ORIGIN SOLUTIONS LIMITED,91.66666666666666,8.92648561318401,6.133194215577839,10.782780638875918,9.439211248561033,28.01438873718413,36.70393954661707,91.66666666666666,10.989246651315137,10.464111830627534,13.231000571212876,12.008090824206482,24.552893327493802,28.75465679514417,91.66666666666666,11.871203608159913,11.122784174994463,13.813078186937,14.034802585621323,21.225690754210326,27.93244069007698,91.66666666666666,18.127829416905918,9.790771340932586,13.361000332225109,16.70445405861049,18.406423212609006,23.60952163871689
18,0.0,4329470.0,798020.0,0.0,43,BCM SCAFFOLDING SERVICES LIMITED,91.66666666666666,11.348730981836178,7.1755866062210805,11.43900924684919,7.5160265052793305,30.160634713776275,32.36001194603794,91.66666666666666,12.508077302705084,10.584154973337597,14.017492249375696,8.698807260964353,23.98081854107541,30.210649672541862,91.66666666666666,16.850448090713442,11.804490743298505,14.27376899994101,9.224722314110622,21.812537809198815,26.034032042737593,8.333333333333332,23.45227430552046,10.586763314326516,17.04513514727182,11.640013621326673,16.476025219319602,20.799788392234923
19,0.0,6117669.0,3462628.0,515971.0,44,WILTON UK (GROUP) LIMITED,91.66666666666666,7.202832110998804,6.0486982673095335,10.660754163996518,9.324907239349239,29.891174938004898,36.871633280341,91.66666666666666,5.281412089475566,7.949495706941784,13.59057761096954,12.479240835834126,27.73578905157898,32.963484705199996,91.66666666666666,8.647030080443015,8.0884789373517,13.625169839081403,13.75578337155185,26.96077012584749,28.92276764572454,75.0,6.155622817769866,9.381939444279,12.503766136100255,16.26501674820591,28.841374298054323,26.852280555590642
20,0.0,1948566.0,172290.0,0.0,45,SWT SOFTWARE LIMITED,91.66666666666666,11.348730981836178,7.1755866062210805,11.43900924684919,7.5160265052793305,30.160634713776275,32.36001194603794,91.66666666666666,12.306595298267986,10.42605038233062,13.768038339120242,11.327812258618833,23.599995411809687,28.57150830985263,91.66666666666666,16.818849717081843,12.036075976927277,14.236501388709154,9.21058320742751,21.773760467635512,25.9242292422187,8.333333333333332,23.546540469044178,10.621320869745182,17.141411523773247,11.660796488161637,16.54868362054741,20.48124702872834
21,0.0,1495000.0,567000.0,6000.0,47,APOLLO LIGHTING LIMITED,91.66666666666666,9.95205597312235,7.078832200622798,10.725660906622354,9.37603298502767,29.803117509260495,33.06430042534433,91.66666666666666,12.477578405135567,10.645844863084736,12.44171560132555,8.697414487150407,24.357626810977003,31.379819832326746,91.66666666666666,12.917359949598403,11.795763974273358,14.871690427007584,9.760963063470122,23.029005316647382,27.625217269003155,91.66666666666666,17.680961026333947,9.797097236374583,14.367162319499439,16.75654306032948,18.445144213880212,22.95309214358234
22,0.0,2968904.0,2209501.0,70000.0,48,RALPH COLEMAN INTERNATIONAL LIMITED,91.66666666666666,8.709769532654947,5.886378679419739,10.359855895042399,9.122652960528471,30.514913735120132,35.40642919723431,91.66666666666666,4.726439351052187,7.632954155357444,13.574262258142532,12.532123409090588,29.8899152675573,31.64430555879994,91.66666666666666,9.693917603134512,10.299022747785864,13.524270987924252,13.754078473187716,25.813046734138346,26.915663453829307,91.66666666666666,7.407967620544972,10.655295254477231,14.34561778248474,18.374903213926412,23.0847243365682,26.131491791998446
23,0.0,2960000.0,1218000.0,524000.0,52,NGH HOLDINGS LIMITED,91.66666666666666,7.02371209277365,5.863129309836356,10.44060680655455,8.823982459392612,31.03963383810478,36.808935493338055,91.66666666666666,4.703395224393623,7.49021665538583,13.611434484664219,12.51982908771239,28.501543090963633,33.17358145688031,91.66666666666666,6.343163553163114,7.5758499569457936,13.134320648129533,13.386228564249372,29.05379989004232,30.506637387469866,75.0,5.574243726726371,9.109906488912465,12.176581890697571,15.778639285296919,30.724509742296018,26.636118866070653
24,0.0,157382.0,229000.0,0.0,55,FINITOR WEALTH LIMITED,75.0,8.907502398373554,12.660377377152896,14.493306781711674,20.624890503691873,26.076862288960072,17.23706065010993,58.33333333333333,13.20419741761878,15.537733990449542,16.82611667850438,22.348439692719445,20.985366910520273,11.098145310187583,25.0,17.64188569680734,22.801093522955384,16.558958878384956,19.185212947166907,12.328184650997695,11.484664303687717,25.0,20.11632234705928,21.294313240448037,20.76454016564705,18.083404382475436,7.693230550984599,12.0481893133856
25,0.0,6208072.0,2922048.0,2048884.0,57,SHINY SKY LIMITED,91.66666666666666,3.495066079201248,4.4322090962043195,9.160352336450787,13.259747392552262,33.18465310739571,36.46797198819568,91.66666666666666,3.9091179152662368,3.26936775954718,12.790093289575507,13.836900366489782,31.63726523879863,34.55725543032266,91.66666666666666,1.9511474136973663,5.292616301587949,6.8245142762969415,16.017957116905045,32.87376150330912,37.04000338820358,75.0,2.3417631934628846,7.837646359830671,6.1103621633776894,17.693289235444233,34.43507647937313,31.581862568511394
26,0.0,11120000.0,7239000.0,47000.0,59,MOBEUS EQUITY PARTNERS IV LP,91.66666666666666,8.826318982198114,6.019115552510566,10.517823744009998,9.182534256659672,29.493746101443012,35.960461363178645,91.66666666666666,8.23376593741709,8.928504575484899,13.686914698505154,12.47851240605625,25.34583110981131,31.326471272725293,91.66666666666666,11.858753758042218,10.600849984139689,13.782101594911037,14.011586153428004,21.90441905548784,27.84228945399121,91.66666666666666,15.82644984595823,9.584472471347356,12.913214090578382,16.581745904150285,20.695836860360767,24.398280827604985
27,0.0,3874000.0,1917000.0,0.0,60,LAR LIMITED,91.66666666666666,9.623849334897846,6.388964537919409,10.360959807207097,9.088261953309582,29.086269966588425,35.45169440007764,91.66666666666666,12.066124170685773,10.072707968615761,13.505973139407395,11.390793562941978,23.674873433824107,29.289527724524984,91.66666666666666,12.023159460225715,11.100728828162536,13.785271849130085,14.00729205991873,21.194905165924098,27.88864263663884,91.66666666666666,17.924161113932804,9.734116948926586,14.612668589760746,16.5577321087912,18.146888540543777,23.02443269804489
28,0.0,6224280.0,2103378.0,8979.0,68,SHUTTERCRAFT LIMITED,91.66666666666666,10.077318490699842,7.101388392455661,10.761556781797236,9.00167235667685,29.893038489496565,33.165025488873844,91.66666666666666,12.399838822952388,10.50618479974402,13.931203998828263,8.630688012443175,23.830838852762014,30.70124551327015,91.66666666666666,13.49351198985566,12.239629506446018,14.637868821277845,9.586646651530154,22.74981431083784,27.292528720052477,91.66666666666666,19.49104325282304,9.676332158098385,15.304769360462128,16.595392329464183,18.519872752658614,20.412590146493645
29,0.0,2893113.0,1288422.0,1142704.0,71,MARK CLIFFORD PT LIMITED,75.0,3.615590139896417,6.127878239990978,9.067823694303616,14.223958932648081,34.747412532964375,32.21733646019654,75.0,1.1743491701068642,4.006757293742404,9.61293330443105,19.379417487274498,33.01393297038898,32.81260977405621,75.0,2.073071433704298,4.541949579809939,5.867624959824826,17.056676218373457,42.331285170003966,28.129392638283505,75.0,2.6253270005833844,7.975288500757852,5.431959039831594,18.823788385570392,36.1882623642486,28.955374709008186
30,0.0,3732521.0,1482335.0,,72,WINGATE HOLDINGS LIMITED,8.333333333333332,58.7870664163319,13.776428104169147,5.2762364717237125,9.135810020913745,7.2606382234929985,5.763820763368492,8.333333333333332,42.56619076918952,29.95407083551383,9.526087690508888,12.386318843523188,3.150190173661395,2.417141687603177,8.333333333333332,36.55440416906287,28.598548974515626,11.984338805694943,9.922109770791923,5.829339516902618,7.1112587630320245,25.0,24.074755748644233,26.827239984229877,23.349314401366126,14.378421825444851,3.7456070647479085,7.624660975567006
31,0.0,638928.0,87033.0,6280000.0,73,CREATE FINANCIAL MANAGEMENT LLP,8.333333333333332,98.55852102060393,0.33222591362126247,0.0,1.1092530657748048,0.0,0.0,8.333333333333332,98.15937865730398,0.0,1.3278008298755186,0.5128205128205129,0.0,0.0,8.333333333333332,95.74365155898427,0.0,0.7855191256830601,2.480392156862745,0.9904371584699454,0.0,8.333333333333332,96.93068462722945,1.472208312468703,0.0,0.0,1.5971070603018525,0.0
32,0.0,2380191.0,1596474.0,143022.0,75,ELECTRONIC MANUFACTURING SOLUTIONS LIMITED,91.66666666666666,7.217352980571228,4.826973279401261,10.67669004727391,9.36917479976141,31.479673645522354,36.43013524746984,91.66666666666666,4.6610527667633495,7.528244607338186,13.438812281469046,12.399191439716569,30.3886504785016,31.584048426211254,91.66666666666666,8.680085756817752,8.030813718286208,13.534191074905857,13.608607297345838,26.180693383613985,29.96560876903035,75.0,6.13030662810774,8.565137458333579,12.564093939966895,16.348977551070003,28.970090501750512,27.421393920771266
33,0.0,1511726.0,351024.0,508697.0,76,KJA FINANCIAL SERVICES LIMITED,91.66666666666666,5.265691198858732,3.803142007354828,8.171289382384247,6.419798785131438,27.547685881912155,48.79239274435861,91.66666666666666,4.548332607916699,4.599577693354602,11.317328095313014,11.85327274783968,31.80897474410965,35.872514111466344,75.0,3.816892578662115,5.324369791995451,13.021893954886163,13.980162873991036,32.131564160079044,31.725116640386187,75.0,4.356769953241852,7.347624807723402,9.29021178490141,14.905864511308783,32.13385038969065,31.9656785531339
34,0.0,6511891.0,3046768.0,1791504.0,79,BW LEGAL SERVICES LIMITED,91.66666666666666,4.059928238815469,4.459079077718058,9.477308504219447,9.247423262314296,33.11385716549064,39.64240375144208,91.66666666666666,4.506358188420552,6.7012411062402615,12.905569529769895,12.132540220312837,31.453288689061022,32.30100226619544,91.66666666666666,2.8390667207947398,5.373158921311094,10.115040854171916,15.357006771774131,32.58110957167323,33.7346171602749,91.66666666666666,3.633036049446767,6.815027574484565,8.06459847980124,14.85160988396807,31.153428879058502,35.48229913324084
35,0.0,3067406.0,2225700.0,2350483.0,81,FIDELITY GROUP LIMITED,58.33333333333333,3.6923717704426386,14.176723536767156,31.799438404313502,35.820564582030734,9.242240258248792,5.2686614481971725,58.33333333333333,10.245605744769067,20.261931708027273,21.985896313216145,29.079735960164925,15.899945999627976,2.526884274194611,41.66666666666667,13.247745050032341,16.52012099397117,25.21740208360078,25.16865522042063,12.550789643100455,7.295287008874625,41.66666666666667,16.46956974491277,21.94176085565526,25.33634044556232,18.712482236443513,8.797657160479408,8.742189556946734
36,0.0,2160764.0,1466667.0,0.0,82,GREENVIEW GAS LTD,91.66666666666666,8.826318982198114,6.019115552510566,10.517823744009998,9.182534256659672,29.493746101443012,35.960461363178645,91.66666666666666,10.71102206740048,10.16350224234176,12.72078781730676,14.931492125483514,23.741140489369336,27.732055258098143,91.66666666666666,11.901769147216934,10.686261836026178,13.849313140496534,14.070652060951497,21.50248907098751,27.98951474432134,91.66666666666666,18.19383091071616,9.772728620052378,13.107373287200632,16.751559855794003,18.476389767616393,23.698117558620435
37,0.0,893776.0,503739.0,0.0,83,CLEAR TREASURY GROUP LIMITED,91.66666666666666,8.92648561318401,6.133194215577839,10.782780638875918,9.439211248561033,28.01438873718413,36.70393954661707,91.66666666666666,11.006557506117606,10.199463973341569,13.661184573765528,11.56106282302142,23.945572698153796,29.62615842560008,91.66666666666666,11.871203608159913,11.122784174994463,13.813078186937,14.034802585621323,21.225690754210326,27.93244069007698,91.66666666666666,18.184839776509186,9.813846962676767,13.100022112106796,16.743272861544632,18.47157790929846,23.686440377864155
38,0.0,3052627.0,1553893.0,598861.0,84,ECOTEC SERVICES LTD,91.66666666666666,6.110821118493372,4.891273757384699,10.752622913577802,9.46196690738848,32.07513063980402,36.708184663351624,91.66666666666666,4.613359819427623,7.416401287177645,13.315697929044266,12.212347304860131,30.119255877751982,32.322937781738354,91.66666666666666,4.881642889467944,5.189885311028754,12.703623412749664,13.487493057981537,31.29120173367051,32.4461535951016,91.66666666666666,4.560932067200811,7.442605816476163,11.415252852548718,15.07948847602773,29.667649332655632,31.834071455090946
39,0.0,1666490.0,1314744.0,36703.0,86,THE VALIDIUM GROUP LIMITED,91.66666666666666,8.60350997559193,6.33737031254691,9.990029268839388,13.695646417255636,30.554014305422488,30.81942972034365,91.66666666666666,4.579700657129738,7.384735242818668,13.137121171973476,16.06326265385432,28.75579645363112,30.07938382059267,91.66666666666666,9.983673996193616,10.491608898804635,11.730087754316862,14.013165606421094,26.29174616702726,27.48971757723654,91.66666666666666,7.404062181910404,10.526864741297318,14.207182971717907,19.398164063576324,22.735631356058576,25.72809468543947
40,0.0,4528742.0,2116303.0,3031119.0,88,RUSH TRAMPOLINE PARKS LIMITED,75.0,1.9578623720923216,7.013485347009821,11.732141637176841,21.85138985081837,37.211574248473276,20.233546544429363,58.33333333333333,2.7748451840463253,11.62955892133647,14.456889522333158,28.214390990385073,26.233068712956037,16.691246668942934,58.33333333333333,4.842512438611196,11.218522780497183,19.74437002465075,27.49529320133191,19.43641796527619,17.262883589632775,58.33333333333333,6.1229833754815495,13.679332455664001,23.008395804242067,31.4807425116845,14.101585631676333,11.606960221251542
41,0.0,1529072.0,1288655.0,0.0,89,INFINITE GROUP LIMITED,75.0,8.337540010824522,6.3341471331043095,9.969600036790748,13.634889625174242,32.070691187252734,29.65313200685345,91.66666666666666,9.23729150501361,10.451365503702794,10.84429999502377,19.046777145446107,24.476074704217528,25.944191146596186,91.66666666666666,12.332338568291382,10.870999733172384,12.1525807572989,15.851368849928619,22.366428610672756,26.42628348063596,91.66666666666666,14.537148135562697,9.933109234695875,13.373659614893757,18.746890481940817,21.575124189663185,21.834068343243672
42,0.0,6300000.0,2200000.0,0.0,90,SIG ROOFSPACE LIMITED,91.66666666666666,10.077318490699842,7.101388392455661,10.761556781797236,9.00167235667685,29.893038489496565,33.165025488873844,91.66666666666666,12.53267379984602,10.685817730873106,12.48610076446357,9.059059303758868,24.434810499779697,30.801537901278742,91.66666666666666,13.88480301142696,12.183479152446974,14.55744101435128,9.688879925991136,22.603585979065798,27.081810916717853,91.66666666666666,19.558617562358897,9.66501187827586,15.291228013079492,16.58094630073544,18.51343806728581,20.390758178264495
43,0.0,636430.0,180397.0,0.0,91,MCPARLAND FINN LIMITED,91.66666666666666,11.348730981836178,7.1755866062210805,11.43900924684919,7.5160265052793305,30.160634713776275,32.36001194603794,91.66666666666666,12.508077302705084,10.584154973337597,14.017492249375696,8.698807260964353,23.98081854107541,30.210649672541862,91.66666666666666,13.948690777954559,12.228153272323446,14.61920342346111,9.556278006873557,22.46652190841479,27.181152610972543,8.333333333333332,20.002230099429298,9.740474602046797,15.552615135918227,16.7671722957654,18.80366514270384,19.133842724136446
44,0.0,4361452.0,1651100.0,2350000.0,92,D.W. PLASTICS LIMITED,75.0,3.403701053903278,6.432539791626368,10.157314101098947,16.901392483397448,32.30959466112956,30.795457908844405,91.66666666666666,1.674600700130326,9.054981847417425,10.873353014352336,24.594099137637322,26.786675320027175,27.01628998043542,58.33333333333333,2.565735596016303,8.242049941867172,13.790878740311888,27.061480528939097,22.726373758981406,25.61348143388414,75.0,1.3571413378802992,7.634231171200496,10.570212747947986,21.21132869003875,32.845571860093884,26.381514192838583
45,0.0,2471343.0,1303659.0,1862621.0,94,CLIFTON TRADE BATHROOMS LIMITED,58.33333333333333,3.8205473253225883,13.154823980037445,24.400315019121294,31.401358402376683,19.856783869049845,7.366171404092133,58.33333333333333,4.666555756405137,14.079544227634527,19.33732009547202,32.08229919598013,22.470115567965106,7.364165156543089,58.33333333333333,12.350865303568561,11.79358575726579,22.520287261164846,24.70809762480929,19.41035364428067,9.21681040891085,41.66666666666667,16.27332938637752,20.63055203171011,24.412692760371407,19.625440509993684,8.724045735033933,10.333939576513348
46,0.0,9681311.0,6831994.0,0.0,97,ONLINE HOME RETAIL LIMITED,91.66666666666666,8.709769532654947,5.886378679419739,10.359855895042399,9.122652960528471,30.514913735120132,35.40642919723431,91.66666666666666,10.793638336318008,9.59062618700554,12.853846655995921,15.004350303735842,23.86394253880649,27.89359597813819,91.66666666666666,11.901769147216934,10.686261836026178,13.849313140496534,14.070652060951497,21.50248907098751,27.98951474432134,91.66666666666666,18.19383091071616,9.772728620052378,13.107373287200632,16.751559855794003,18.476389767616393,23.698117558620435
47,0.0,1415404.0,536078.0,0.0,101,TF GLOBAL MARKETS (UK) LIMITED,91.66666666666666,9.95205597312235,7.078832200622798,10.725660906622354,9.37603298502767,29.803117509260495,33.06430042534433,91.66666666666666,12.242215790284943,10.457892934638057,12.126486085959378,11.102536650599394,23.88581294324667,30.185055595271564,91.66666666666666,13.517080823951014,12.093623691134848,14.413109265098727,10.731481164736897,22.362237915816202,26.88246713926231,91.66666666666666,19.490461936285303,9.676429542236201,15.304885851614328,16.595516603251994,18.51992810785274,20.412777958759435
48,0.0,4529000.0,1162000.0,0.0,102,MATTRESSONLINE.CO.UK LTD,91.66666666666666,11.348730981836178,7.1755866062210805,11.43900924684919,7.5160265052793305,30.160634713776275,32.36001194603794,91.66666666666666,12.508077302705084,10.584154973337597,14.017492249375696,8.698807260964353,23.98081854107541,30.210649672541862,91.66666666666666,13.91127031290489,12.201344580944577,14.58540429373883,9.522838442361085,22.65122712172607,27.12791524832456,8.333333333333332,20.331798672847103,9.685264145625935,15.486572248174285,16.69671716107907,18.77228235694882,19.027365415324784
49,0.0,0.0,608235.0,61709.0,103,ETZ TECHNOLOGIES LIMITED,8.333333333333332,58.7870664163319,13.776428104169147,5.2762364717237125,9.135810020913745,7.2606382234929985,5.763820763368492,8.333333333333332,42.56619076918952,29.95407083551383,9.526087690508888,12.386318843523188,3.150190173661395,2.417141687603177,8.333333333333332,36.55440416906287,28.598548974515626,11.984338805694943,9.922109770791923,5.829339516902618,7.1112587630320245,25.0,24.074755748644233,26.827239984229877,23.349314401366126,14.378421825444851,3.7456070647479085,7.624660975567006
50,0.0,26813631.0,87443.0,35265893.0,106,MONEYPLUS GROUP LIMITED,41.66666666666667,10.43939861338991,12.967333066791156,68.41609936250481,7.1909704145955,0.9861985427186224,0.0,41.66666666666667,15.434937335194993,26.700906579073212,51.67847617530419,3.2821521155292555,1.8207774529847316,1.0827503419136262,41.66666666666667,28.162282423298606,22.159271610467137,35.98911506023485,8.166535300222122,4.343274223666152,1.179521382111131,41.66666666666667,24.41836564212327,26.026742451779366,36.49557659979417,6.463992456403952,2.9373821780372187,3.6579406718620304
51,0.0,3871989.0,2085437.0,480089.0,107,HERITAGE CASHMERE UK LIMITED,91.66666666666666,7.202832110998804,6.0486982673095335,10.660754163996518,9.324907239349239,29.891174938004898,36.871633280341,91.66666666666666,4.713828920863369,7.506035485517379,13.63096304044609,12.536856300701208,28.55375987746268,33.05855637500928,91.66666666666666,7.205003880179128,7.87930459353822,13.29956224766096,13.341832376241863,27.70550695359408,30.568789948785746,75.0,6.155622817769866,9.381939444279,12.503766136100255,16.26501674820591,28.841374298054323,26.852280555590642
52,0.0,2349200.0,1831512.0,301053.0,110,SPARTAN MOTOR FACTORS LTD,75.0,4.1661911931625015,6.518891376536136,10.109216816884526,19.317286191877077,29.973221845498855,29.915192576040905,75.0,4.003604108433528,10.681074797735976,12.32397855169373,22.142755623057457,26.534696162422154,24.31389075665716,91.66666666666666,6.656163464198292,10.308376506181597,13.349913942798668,22.726730104252404,22.03292089723731,24.925895085331735,75.0,5.0833765983572565,9.665396871927298,12.650648634734576,18.450949242392152,30.45020017062855,23.699428481960165
53,0.0,999229.0,184375.0,50000.0,112,RIMBAL NETWORKS LIMITED,91.66666666666666,11.255236893526643,6.64564406702132,11.325985443508694,7.512043389310135,29.992654315043428,33.268435891589775,91.66666666666666,10.649208542277181,10.491737769535252,14.26548524555636,5.676459759393839,26.040227048253158,32.876881634984215,91.66666666666666,13.435386481714215,11.590236757385444,14.581182611433233,9.560074990665493,23.611448201054905,27.221670957746714,91.66666666666666,11.797015634387206,10.51054933215521,14.878387880182848,14.09782190342536,22.914756046586888,25.80146920326249
54,0.0,4097000.0,1284970.0,243182.0,113,MB GLASS SUPPLIES LTD.,91.66666666666666,10.075180077147712,7.182050012380585,10.880706074654292,7.992847336420014,30.269963070356663,33.59925342904073,91.66666666666666,10.649208542277181,10.491737769535252,14.26548524555636,5.676459759393839,26.040227048253158,32.876881634984215,91.66666666666666,11.800694237932863,10.885488777825895,13.650356625323898,8.927638317222227,27.058950393565507,27.67687164812961,91.66666666666666,10.933350284209622,9.934772432036818,14.137963165346394,16.036198291904487,24.178470570236787,24.7792452562659
55,0.0,2346224.0,1689981.0,0.0,114,OFFICE IMAGE LIMITED,91.66666666666666,8.709769532654947,5.886378679419739,10.359855895042399,9.122652960528471,30.514913735120132,35.40642919723431,91.66666666666666,10.793638336318008,9.59062618700554,12.853846655995921,15.004350303735842,23.86394253880649,27.89359597813819,91.66666666666666,11.901769147216934,10.686261836026178,13.849313140496534,14.070652060951497,21.50248907098751,27.98951474432134,91.66666666666666,18.19383091071616,9.772728620052378,13.107373287200632,16.751559855794003,18.476389767616393,23.698117558620435
56,0.0,5238000.0,806000.0,5000.0,115,ROBINSON MEDICAL RECRUITMENT LIMITED,91.66666666666666,11.300724379439316,7.165385203211747,11.715217760402846,7.48338201564946,30.071291900052422,32.2639987412442,91.66666666666666,12.495195956696223,10.574365150370864,14.006392676851057,8.686630864239559,23.961460134079044,30.275955217763258,91.66666666666666,16.824355879907806,11.789332491606466,14.249768072084478,9.200078886364796,22.009641254671735,25.926823415364712,8.333333333333332,23.363155379980014,10.550216703458322,16.145174923143905,12.811067085933756,16.49890094795824,20.631484959525757
57,0.0,45.0,765.0,-700.0,122,SEB GLAZING LTD,75.0,8.878917555583001,12.595040593631634,14.457311053753202,20.54098015872606,25.979847064943655,17.54790357336244,58.33333333333333,13.20419741761878,15.537733990449542,16.82611667850438,22.348439692719445,20.985366910520273,11.098145310187583,25.0,17.64188569680734,22.801093522955384,16.558958878384956,19.185212947166907,12.328184650997695,11.484664303687717,25.0,20.11632234705928,21.294313240448037,20.76454016564705,18.083404382475436,7.693230550984599,12.0481893133856
58,0.0,10463092.0,2924179.0,0.0,124,PARWELD INTERNATIONAL LIMITED,91.66666666666666,11.348730981836178,7.1755866062210805,11.43900924684919,7.5160265052793305,30.160634713776275,32.36001194603794,91.66666666666666,12.508077302705084,10.584154973337597,14.017492249375696,8.698807260964353,23.98081854107541,30.210649672541862,91.66666666666666,13.948690777954559,12.228153272323446,14.61920342346111,9.556278006873557,22.46652190841479,27.181152610972543,8.333333333333332,20.09460227566992,9.725000098643925,15.534104495771755,16.747424981721437,18.79486910919063,19.103999039002336
59,0.0,1443297.0,684001.0,325805.0,127,MIDLAND SURVEY LIMITED,91.66666666666666,6.077028683957201,4.796169300905656,10.609764949586268,9.296524779971811,33.005231063910195,36.21528122166886,91.66666666666666,4.613359819427623,7.416401287177645,13.315697929044266,12.212347304860131,30.119255877751982,32.322937781738354,91.66666666666666,3.8151530709912014,5.250132776747229,11.514873387763558,14.281545023339106,31.992457627033456,33.14583811412545,91.66666666666666,4.64144922819854,7.533266871772818,10.420705869634613,15.248574514122959,29.866258329783363,32.289745186487714
60,0.0,4219832.0,675580.0,4487384.0,131,VESSELSVALUE LIMITED,41.66666666666667,8.537126122948749,12.440588441985936,64.37774251437605,12.470762840638494,1.4950197332633337,0.6787603467874495,41.66666666666667,11.748371824855425,20.92342148265811,49.16805549491297,13.672482470551795,2.5631633509525553,1.9245053760691435,41.66666666666667,15.135913756197045,13.28531663638482,58.1352661292595,7.879638480997252,3.803086738325064,1.760778258836316,41.66666666666667,20.14739458661324,22.756854522809125,39.06965613721623,12.319895547326231,3.358257314498646,2.3479418915365358
61,0.0,2409943.0,953997.0,7167.0,132,BRITISH INTERNATIONAL INDUSTRIES LIMITED,91.66666666666666,9.95205597312235,7.078832200622798,10.725660906622354,9.37603298502767,29.803117509260495,33.06430042534433,91.66666666666666,12.477578405135567,10.645844863084736,12.44171560132555,8.697414487150407,24.357626810977003,31.379819832326746,91.66666666666666,12.430501926789168,11.486017460484026,14.38959367695787,10.383220728458083,22.3992930999431,28.911373107367755,91.66666666666666,17.996470411041614,9.766256890569275,14.324254012292053,16.704662104769145,18.358065590429934,22.850290990897978
62,0.0,15426000.0,4945000.0,1480000.0,133,SWIFT BRICKWORK CONTRACTORS LIMITED,91.66666666666666,7.640404568865976,7.322188181168636,11.177921235094326,7.849778574849371,31.490373421863666,34.51933401815802,91.66666666666666,10.66360548183833,10.42619792037095,13.20693642927643,7.043155538745635,25.92830364083525,32.731800988933415,91.66666666666666,10.143555916282953,9.035235990831577,14.840598932619068,10.735496469018518,25.507387555735185,29.7377251355127,91.66666666666666,8.91890317597959,9.879139555011921,13.449731560385764,17.294335179683827,24.5873717958419,25.870518733097004
63,0.0,4720892.0,863926.0,175020.0,134,FABRIWELD TUBULAR STEEL PRODUCTS LIMITED,91.66666666666666,11.293459861533142,7.135668574891111,11.385035570684721,7.498018370844757,30.04354182187502,32.64427580017124,91.66666666666666,10.649208542277181,10.491737769535252,14.26548524555636,5.676459759393839,26.040227048253158,32.876881634984215,91.66666666666666,13.605813433442716,11.69717131533274,14.74738946721417,9.637984454312809,22.882211802224685,27.42942952747288,91.66666666666666,15.516565764937464,9.25276187712743,14.086214858922009,13.582176641577098,22.389604817075668,25.172676040360326
64,0.0,10342817.0,5226669.0,2056922.0,137,FRUEHAUF LTD,91.66666666666666,6.110821118493372,4.891273757384699,10.752622913577802,9.46196690738848,32.07513063980402,36.708184663351624,91.66666666666666,4.613359819427623,7.416401287177645,13.315697929044266,12.212347304860131,30.119255877751982,32.322937781738354,91.66666666666666,4.861748889563941,5.189885311028754,12.641983590824879,13.850176599493851,31.15636462321004,32.29984098587853,91.66666666666666,4.560932067200811,7.442605816476163,11.415252852548718,15.07948847602773,29.667649332655632,31.834071455090946
65,0.0,938308.0,177862.0,123659.0,138,TRUCORP HOLDINGS LIMITED,91.66666666666666,9.525977345155008,7.235564215135792,10.999181518551193,7.700919564275519,30.589766076472706,33.94859128040978,91.66666666666666,10.780072104397313,10.59442748628948,13.412931816115444,5.70998146003545,26.287573561271426,33.215013571890886,91.66666666666666,10.065867783243872,9.406577640690992,15.021441013321752,10.663371203825706,25.313000637079035,29.529741721838636,91.66666666666666,10.70581854846979,9.783084608210265,13.931457464592418,17.13868705913612,23.89782490230081,24.543127417290602
66,0.0,4020000.0,2023000.0,-1000.0,139,TOTAL RESOURCES (UK) LIMITED,91.66666666666666,8.89919975442796,6.629404764582786,10.710605141521205,9.369291235498654,27.890086491739908,36.50141261222949,91.66666666666666,12.066124170685773,10.072707968615761,13.505973139407395,11.390793562941978,23.674873433824107,29.289527724524984,91.66666666666666,11.871203608159913,11.122784174994463,13.813078186937,14.034802585621323,21.225690754210326,27.93244069007698,91.66666666666666,17.924161113932804,9.734116948926586,14.612668589760746,16.5577321087912,18.146888540543777,23.02443269804489
67,0.0,3449858.0,2398945.0,4867.0,142,MORECROFT HOLDINGS LTD,91.66666666666666,8.709769532654947,5.886378679419739,10.359855895042399,9.122652960528471,30.514913735120132,35.40642919723431,91.66666666666666,8.01585742266404,8.04778278519531,13.312600952713192,15.48898511151145,24.662048311892743,30.472725416023266,91.66666666666666,11.901769147216934,10.686261836026178,13.849313140496534,14.070652060951497,21.50248907098751,27.98951474432134,91.66666666666666,16.975411503288463,9.917781178041226,13.299265733706712,17.022087948210967,18.794152923788694,23.991300712963938
68,0.0,2609000.0,2287000.0,2248000.0,144,CHANDERHILL LIMITED,58.33333333333333,7.514570128860081,14.716023455511944,32.51140218814763,33.72518872705238,6.154587437841645,5.378228062586339,58.33333333333333,11.580503795183791,22.391731078575745,27.306135212145342,27.981985635388,8.341653735209315,2.3979905434978095,41.66666666666667,17.119779577588805,24.635170310753175,24.76194278592339,21.902890920445447,5.967388084404622,5.612828320884566,41.66666666666667,18.79417201309248,21.82125467075059,24.559117644686967,19.76124435678902,7.874196226120647,7.190015088560295
69,0.0,2641000.0,1247000.0,202000.0,147,MX HOLDINGS LIMITED,91.66666666666666,7.269813839052714,6.569028459282558,10.72188921052184,7.921011449941948,29.923844002877953,37.594413038322976,91.66666666666666,6.153132934028751,8.994465185033333,13.6856740108421,9.325566024755764,28.018476194947784,33.822685650392266,91.66666666666666,8.610297261041257,8.050581795637756,13.567180147052682,13.685744313677661,26.152223281557408,29.933973201033226,75.0,6.137127138701928,9.331496683184623,12.403450588613133,16.156049956797897,28.579728106361536,27.39214752634087
70,0.0,2759097.0,1977864.0,12988.0,151,MAR FACILITIES (HOLDINGS) LTD,91.66666666666666,8.709769532654947,5.886378679419739,10.359855895042399,9.122652960528471,30.514913735120132,35.40642919723431,91.66666666666666,8.01585742266404,8.04778278519531,13.312600952713192,15.48898511151145,24.662048311892743,30.472725416023266,91.66666666666666,11.870160725799735,10.485546511895741,13.796465924679765,14.029056284227808,21.931411367470833,27.88735918592612,91.66666666666666,14.166560528664412,9.718561656833087,13.179877329510461,16.87140626349414,21.11061966931947,24.952974552178436
71,0.0,1802880.0,372827.0,57009.0,153,TRESTE HIRE & SALES LIMITED,91.66666666666666,11.318739215795862,7.153925886303073,11.409721512875546,7.506254751932858,30.097096602016784,32.51426203107587,91.66666666666666,10.649208542277181,10.491737769535252,14.26548524555636,5.676459759393839,26.040227048253158,32.876881634984215,91.66666666666666,13.435386481714215,11.590236757385444,14.581182611433233,9.560074990665493,23.611448201054905,27.221670957746714,91.66666666666666,12.685152041522377,10.423735959095923,14.757604056796012,13.951780715101325,22.669635934419492,25.51209129306487
72,0.0,8930423.0,6292000.0,1891000.0,156,KELERBAY LIMITED,75.0,3.299434415991519,6.3988944587687415,9.967201825707225,19.054227097031802,31.788546781349925,29.491695421150787,75.0,3.999281116635469,10.678526414877473,12.471661214635391,22.382052702382797,26.397481019700532,24.07099753176834,91.66666666666666,4.145888150937164,8.475977312507025,13.941591866644771,24.269811963027983,23.025267539561096,26.141463167321966,75.0,3.394333503272551,8.84666078849969,12.84124338071939,19.58809698406034,31.354185689876545,23.97547965357148
73,0.0,1706785.0,386668.0,0.0,160,FARMERS COTTAGE LAMPS LIMITED,91.66666666666666,11.348730981836178,7.1755866062210805,11.43900924684919,7.5160265052793305,30.160634713776275,32.36001194603794,91.66666666666666,12.508077302705084,10.584154973337597,14.017492249375696,8.698807260964353,23.98081854107541,30.210649672541862,91.66666666666666,15.502875046328096,11.930104680734228,14.360763060326558,9.322127979363257,22.229948221318168,26.654181011929683,8.333333333333332,20.333442571687883,9.67635832264174,15.488064235571025,16.69875352225571,18.774309999759563,19.029071348084077
74,0.0,2770123.0,1916697.0,0.0,161,GLEN CLEANING COMPANY LIMITED,91.66666666666666,8.709769532654947,5.886378679419739,10.359855895042399,9.122652960528471,30.514913735120132,35.40642919723431,91.66666666666666,10.780734140325784,9.676762863914806,12.841921399010001,14.992075386437067,23.84273583180795,27.865770378504383,91.66666666666666,11.901769147216934,10.686261836026178,13.849313140496534,14.070652060951497,21.50248907098751,27.98951474432134,91.66666666666666,18.19383091071616,9.772728620052378,13.107373287200632,16.751559855794003,18.476389767616393,23.698117558620435
75,0.0,4357213.0,3574459.0,150434.0,162,MIDWEST ELECTRICAL SERVICES LIMITED,75.0,6.767707145361709,6.321063501836822,9.908360487878442,15.83762646677102,31.585983494306046,29.579258903845968,75.0,3.9938965630792604,7.833341118652168,11.12094371168402,18.80493508078903,29.77035766148995,28.476525864305568,75.0,9.341687119165467,10.1515917256351,13.008519572784621,17.32306390869369,25.413206014215646,24.76193165950547,75.0,5.137035502713412,9.801887996938477,12.696929741304402,18.589716031472538,29.78760458750271,23.986826140068462
76,0.0,2926000.0,1145000.0,159000.0,163,COLD FORMED PRODUCTS LIMITED,91.66666666666666,7.64854492239956,7.213813440279797,11.006970357935295,9.21646205023767,30.978364018272416,33.935845210875264,91.66666666666666,10.526836009235527,10.228642015500236,12.965031239638819,8.60873296879928,25.506404589755423,32.16435317707072,91.66666666666666,12.174390065124568,10.81989181827182,14.125813373322831,10.450757253514949,24.045446328702038,28.38370116106379,91.66666666666666,7.496018357512887,9.72429581177344,13.114181734211419,16.97066060809137,24.703632055606803,27.991211432804082
77,0.0,4424.0,1578.0,1715.0,165,MANAGED SERVICED OFFICES LIMITED,91.66666666666666,2.0022484226002457,4.506706953388216,7.681028022787084,9.348089394789195,33.451556465221636,43.01037074121364,91.66666666666666,3.9091179152662368,3.26936775954718,12.790093289575507,13.836900366489782,31.63726523879863,34.55725543032266,91.66666666666666,2.8390667207947398,5.373158921311094,10.115040854171916,15.357006771774131,32.58110957167323,33.7346171602749,91.66666666666666,2.368665794676943,5.375474975283636,6.726209894398819,15.552778359031445,32.89259412708407,37.08427684952509
78,0.0,498800.0,255350.0,0.0,168,DIGITAL FUEL MARKETING LTD,91.66666666666666,8.89919975442796,6.629404764582786,10.710605141521205,9.369291235498654,27.890086491739908,36.50141261222949,91.66666666666666,12.066124170685773,10.072707968615761,13.505973139407395,11.390793562941978,23.674873433824107,29.289527724524984,91.66666666666666,11.871203608159913,11.122784174994463,13.813078186937,14.034802585621323,21.225690754210326,27.93244069007698,91.66666666666666,18.192187011875383,9.781634443036571,13.10588129980389,16.749523494617367,18.474362124805648,23.696411625861142
79,0.0,3700000.0,420000.0,3280000.0,169,PARADIGM INTERVENTION TECHNOLOGIES LIMITED,58.33333333333333,3.0468557020894305,5.994851528656621,13.185670919930082,68.05154603698715,7.483388098262078,2.237687714074636,58.33333333333333,3.702005739363691,9.563229215762517,16.365777501502713,58.30484644617099,10.360104901945387,1.7040361952547003,58.33333333333333,2.4548027682268048,9.186565333623578,19.64764708604358,53.14103633368965,11.904085422313642,3.6658630561027543,58.33333333333333,7.042314107519854,10.370239206250718,19.57997915129232,48.57073601574136,10.328655314263868,4.108076204931878
80,0.0,2358132.0,3355306.0,0.0,171,CLASS DELTA LTD,75.0,8.80752867472157,11.027449326494912,14.362337822331437,20.339111380985127,25.738519745828413,19.725053049638543,58.33333333333333,13.167307489741345,15.511357692017175,16.79702913360279,22.283904541782054,20.958314296743485,11.282086846113145,25.0,17.645047685745542,22.784484128177937,16.56285993461715,19.18881058791438,12.33179835264136,11.486999310903624,25.0,20.071818237380334,21.242898178806744,20.711370411110643,18.209968645684523,7.677710110760199,12.086234416257568
81,0.0,10773000.0,5195000.0,,172,EMICO HOLDINGS LIMITED,8.333333333333332,58.7870664163319,13.776428104169147,5.2762364717237125,9.135810020913745,7.2606382234929985,5.763820763368492,8.333333333333332,42.56619076918952,29.95407083551383,9.526087690508888,12.386318843523188,3.150190173661395,2.417141687603177,8.333333333333332,36.55440416906287,28.598548974515626,11.984338805694943,9.922109770791923,5.829339516902618,7.1112587630320245,25.0,24.074755748644233,26.827239984229877,23.349314401366126,14.378421825444851,3.7456070647479085,7.624660975567006
82,0.0,5875.0,1620.0,3908.0,174,TFM NETWORKS LIMITED,75.0,2.957791768276243,5.389894264788047,7.2455357887599074,18.90089948899812,41.24636553915087,24.259513150026812,75.0,1.0900295563766482,7.94796074061411,11.679150338571704,28.976513461213095,29.927019408155413,20.37932649506903,58.33333333333333,2.6832757709467097,8.34625031016705,15.013187064564487,28.605946538645867,23.992085926693143,21.359254388982745,58.33333333333333,1.4229509933794664,8.542485373462068,13.52228332944673,32.2960141787214,25.59710563217209,18.619160492818253
83,0.0,2349000.0,398000.0,700000.0,179,FIRST CARE AMBULANCE LIMITED,91.66666666666666,6.827433168318528,6.52122964691041,9.450745947149338,5.801645271216471,30.19449327005973,41.20445269634553,91.66666666666666,4.349133514743829,6.437678031794953,10.927824765196496,11.16840136852852,28.31919828452531,38.797764035210896,75.0,4.957727403227254,7.152273017497166,13.020406126077933,13.30763620178898,31.202588605158628,30.359368646250033,75.0,4.778152025077818,8.074088530568533,10.864143680976701,15.410273326124162,31.74674748894752,29.12659494830526
84,0.0,1791441.0,252586.0,50603.0,182,SIRIUS CONFERENCE & EVENTS LIMITED,91.66666666666666,11.318739215795862,7.153925886303073,11.409721512875546,7.506254751932858,30.097096602016784,32.51426203107587,91.66666666666666,10.687695489507707,10.486416324028044,14.258969189833248,5.676459759393839,26.028862605305562,32.8615966319316,91.66666666666666,16.432617509724526,11.240755170878328,14.365892787079687,9.285020825071781,22.131634747662208,26.544078959583473,91.66666666666666,17.043377712421186,9.205962501007313,13.860216646320032,13.41757412124664,22.20276558499669,24.270103434008135
85,0.0,4923000.0,3068000.0,755000.0,183,POD FOOD LIMITED,91.66666666666666,6.059074725062593,4.783334130291638,10.589018152641387,9.506765980920802,32.94036514790387,36.121441863179705,91.66666666666666,4.613359819427623,7.416401287177645,13.315697929044266,12.212347304860131,30.119255877751982,32.322937781738354,75.0,6.933999691010745,7.383531395331583,12.489088719333648,13.192848326749068,30.02539822328601,29.97513364428895,75.0,5.273796903213542,9.008811008356927,11.611178991195455,17.330465704223087,31.17588695218142,25.599860440829563
86,0.0,901.0,12.0,0.0,186,LEBC HOLDINGS LIMITED,91.66666666666666,11.348730981836178,7.1755866062210805,11.43900924684919,7.5160265052793305,30.160634713776275,32.36001194603794,91.66666666666666,12.338685050867566,10.451231475919824,13.807768509005433,11.369879497320804,23.660648570569332,28.371786896317037,91.66666666666666,16.69811903260289,11.95458276490398,14.86634558055945,9.21058320742751,21.556445235573392,25.71392417893278,8.333333333333332,23.19936867932173,10.498232689752678,16.787101622486414,12.687470321088295,16.290784576753595,20.53704211059729
87,0.0,730150.0,136863.0,0.0,189,COINFIRM LIMITED,91.66666666666666,11.348730981836178,7.1755866062210805,11.43900924684919,7.5160265052793305,30.160634713776275,32.36001194603794,91.66666666666666,12.508077302705084,10.584154973337597,14.017492249375696,8.698807260964353,23.98081854107541,30.210649672541862,91.66666666666666,16.850448090713442,11.804490743298505,14.27376899994101,9.224722314110622,21.812537809198815,26.034032042737593,8.333333333333332,23.195122294182376,10.495591237579376,16.78269589831744,12.709242258580483,16.284998010897024,20.532350300443312
88,0.0,475268.0,172814.0,124650.0,190,LH HOLDINGS 2019 LIMITED,91.66666666666666,6.618691375271406,4.199231045989672,9.515977055190941,8.375152800157084,29.39877055999794,41.892177163392944,91.66666666666666,4.521394971314911,6.730120655600744,12.96614329437408,11.847607436038773,31.57774204806706,32.356991594604416,75.0,3.8893634603814244,5.371078413253246,11.809886655745986,14.576589267449041,32.6419789215111,31.711103281659202,75.0,4.322116748900564,7.277355810031348,10.144492657928703,14.78765498248103,31.787910708745155,31.6804690919132
89,0.0,4726000.0,3297000.0,0.0,191,NEO G LIMITED,91.66666666666666,8.709769532654947,5.886378679419739,10.359855895042399,9.122652960528471,30.514913735120132,35.40642919723431,91.66666666666666,10.790282306165125,9.613027992213004,12.850745221233945,15.001157931843498,23.858427251517504,27.886359297026914,91.66666666666666,11.901769147216934,10.686261836026178,13.849313140496534,14.070652060951497,21.50248907098751,27.98951474432134,91.66666666666666,18.19383091071616,9.772728620052378,13.107373287200632,16.751559855794003,18.476389767616393,23.698117558620435
90,0.0,2405.0,632.0,1303.0,193,LEAN EDUCATION AND DEVELOPMENT LIMITED,91.66666666666666,3.4800367650940633,4.439067532940374,8.929320589408194,13.294867729862242,33.2862587244165,36.57044865827862,75.0,3.021818998842123,3.4471504819365633,9.798638078298941,13.846110202507674,35.18738132844423,34.69890090997046,91.66666666666666,1.795433271627453,5.116516347980279,5.138421882495714,18.124823210077757,33.284775388944524,36.54002989887428,75.0,0.8618132267844787,8.232556373486501,4.448707590564213,20.07873642686851,36.42937299222861,29.94881339006769
91,0.0,3205000.0,2426000.0,2215000.0,195,DIRTY TRADING LIMITED,75.0,4.059781773903487,8.593813281900912,12.667900442433636,23.82281064103897,34.86349743500043,15.992196425722561,75.0,5.608455125821944,15.66505223442774,16.215503109688314,24.714756471811643,25.225967351509887,12.570265706740468,41.66666666666667,13.113767711145677,12.346771698035734,22.381646467869878,21.92053891555307,19.427714710849745,10.809560496545895,41.66666666666667,15.984912146757779,20.858953434892715,23.972067902452263,19.850556939725404,8.828683360616955,10.504826215554885
92,0.0,5660.0,3141.0,0.0,197,INDOOR CLIMATE SYSTEMS (UK) LIMITED,91.66666666666666,8.89919975442796,6.629404764582786,10.710605141521205,9.369291235498654,27.890086491739908,36.50141261222949,91.66666666666666,11.858749582769876,10.097516199305609,13.536350564741904,11.424118051928343,23.727853723093954,29.35541187816032,91.66666666666666,11.871203608159913,11.122784174994463,13.813078186937,14.034802585621323,21.225690754210326,27.93244069007698,91.66666666666666,18.192187011875383,9.781634443036571,13.10588129980389,16.749523494617367,18.474362124805648,23.696411625861142
93,0.0,2861000.0,1773000.0,240000.0,198,WJL CONTRACTS LIMITED,91.66666666666666,6.138464380084913,4.9043275198029255,10.792885120554505,9.503738947126806,31.82954042867238,36.83104360375847,91.66666666666666,4.6610527667633495,7.528244607338186,13.438812281469046,12.399191439716569,30.3886504785016,31.584048426211254,91.66666666666666,8.355648703095941,7.753120426147708,13.10393008810762,13.172483451185135,27.414114499804153,30.20070283165944,75.0,6.108881675533713,8.487126286896853,12.396168952239803,16.118161132396374,28.618455004312672,28.271206948620588
94,0.0,7355828.0,6046110.0,362500.0,199,IT FLEET AUTOMOTIVE LIMITED,75.0,5.149001085726805,6.3954040858052235,9.949047914266515,19.02134020309435,30.030817756234658,29.454388954872446,75.0,4.05838766595889,7.949200134871967,11.224734080380925,19.231958311999144,30.29085861495502,27.24486119183405,91.66666666666666,8.683238456798142,10.344490146769354,13.433239001966262,19.881937490220302,22.32519322637369,25.331901677872242,75.0,5.134594248532555,9.799139183175779,12.69329328976417,18.610120269060022,29.781582827189933,23.981270182277544
95,0.0,1203000.0,200000.0,0.0,204,SYLVAN ENTERPRISES OF SHERWOOD FOREST LIMITED,91.66666666666666,11.348730981836178,7.1755866062210805,11.43900924684919,7.5160265052793305,30.160634713776275,32.36001194603794,91.66666666666666,12.508077302705084,10.584154973337597,14.017492249375696,8.698807260964353,23.98081854107541,30.210649672541862,91.66666666666666,16.818849717081843,12.036075976927277,14.236501388709154,9.21058320742751,21.773760467635512,25.9242292422187,8.333333333333332,23.702716119919074,10.811338577998269,17.309336396689663,10.10672254294573,16.976698128672492,21.093188233774775
96,0.0,2970180.0,1069768.0,-8852.0,206,AUTOMATED MATERIALS HANDLING LIFE SERVICES LIMITED,91.66666666666666,9.95205597312235,7.078832200622798,10.725660906622354,9.37603298502767,29.803117509260495,33.06430042534433,91.66666666666666,12.444478577363878,10.61661021222515,12.376906679485682,9.679544652102882,24.268111837505764,30.614348041316646,91.66666666666666,13.785835861002083,12.11667632591018,14.452880068467605,10.30974611066396,22.425445108301016,26.90941652565516,91.66666666666666,19.558617562358897,9.66501187827586,15.291228013079492,16.58094630073544,18.51343806728581,20.390758178264495
97,0.0,9851000.0,1966000.0,485000.0,207,ONE REBEL LTD,91.66666666666666,11.255236893526643,6.64564406702132,11.325985443508694,7.512043389310135,29.992654315043428,33.268435891589775,91.66666666666666,10.649208542277181,10.491737769535252,14.26548524555636,5.676459759393839,26.040227048253158,32.876881634984215,91.66666666666666,13.435386481714215,11.590236757385444,14.581182611433233,9.560074990665493,23.611448201054905,27.221670957746714,91.66666666666666,11.63620216748669,10.40334035422153,14.732435063688982,14.877032066354563,22.7164030445995,25.634587303648747
98,0.0,2112.0,538.0,0.0,208,CREW A LA MODE LIMITED,91.66666666666666,11.348730981836178,7.1755866062210805,11.43900924684919,7.5160265052793305,30.160634713776275,32.36001194603794,91.66666666666666,12.508077302705084,10.584154973337597,14.017492249375696,8.698807260964353,23.98081854107541,30.210649672541862,91.66666666666666,13.91127031290489,12.201344580944577,14.58540429373883,9.522838442361085,22.65122712172607,27.12791524832456,8.333333333333332,20.331798672847103,9.685264145625935,15.486572248174285,16.69671716107907,18.77228235694882,19.027365415324784
99,0.0,6117669.0,3462628.0,515971.0,209,WILTON UK (GROUP) LIMITED,91.66666666666666,7.202832110998804,6.0486982673095335,10.660754163996518,9.324907239349239,29.891174938004898,36.871633280341,91.66666666666666,5.281412089475566,7.949495706941784,13.59057761096954,12.479240835834126,27.73578905157898,32.963484705199996,91.66666666666666,8.647030080443015,8.0884789373517,13.625169839081403,13.75578337155185,26.96077012584749,28.92276764572454,75.0,6.155622817769866,9.381939444279,12.503766136100255,16.26501674820591,28.841374298054323,26.852280555590642
100,0.0,5530246.0,3836384.0,158346.0,210,PARKER FITZGERALD LIMITED,91.66666666666666,8.709769532654947,5.886378679419739,10.359855895042399,9.122652960528471,30.514913735120132,35.40642919723431,91.66666666666666,4.724086249903152,7.629380224848827,13.565218025835012,12.522201751260695,29.87414151324469,31.684972234907615,91.66666666666666,9.693917603134512,10.299022747785864,13.524270987924252,13.754078473187716,25.813046734138346,26.915663453829307,75.0,8.268302060587915,9.246527521700546,12.348787988849793,16.079087027736502,27.546071805703185,26.511223595422052
101,0.0,1409400.0,363000.0,0.0,211,KAIZEN REPORTING LIMITED,91.66666666666666,11.348730981836178,7.1755866062210805,11.43900924684919,7.5160265052793305,30.160634713776275,32.36001194603794,91.66666666666666,12.508077302705084,10.584154973337597,14.017492249375696,8.698807260964353,23.98081854107541,30.210649672541862,91.66666666666666,13.91127031290489,12.201344580944577,14.58540429373883,9.522838442361085,22.65122712172607,27.12791524832456,8.333333333333332,20.331798672847103,9.685264145625935,15.486572248174285,16.69671716107907,18.77228235694882,19.027365415324784
102,0.0,1916051.0,1410715.0,78009.0,216,BACKHOUSE JONES LIMITED,91.66666666666666,7.354009255013866,6.47853516952616,10.566377190258063,9.496047121764443,31.175873341881726,34.92915792155574,91.66666666666666,4.722228278086212,7.626558305288153,13.558076841640654,12.514367765614645,29.86168680386165,31.71708200550868,91.66666666666666,9.676752903691119,10.427763736572285,12.670256353514397,13.907591746437223,26.078064698847577,27.239570560937405,75.0,5.639420222343786,9.007386232789253,12.805582787258468,17.15432481345193,30.18303605669091,25.210249887465658
103,0.0,2107631.0,156593.0,206048.0,220,BRANDSAFE PROTECTION LTD,91.66666666666666,11.277898454756937,6.662010750132086,11.163251683863203,7.5194268553751415,30.040663252168347,33.33674900370428,91.66666666666666,10.649208542277181,10.491737769535252,14.26548524555636,5.676459759393839,26.040227048253158,32.876881634984215,91.66666666666666,13.35875814073021,9.309095823972388,15.306441188468584,9.761123531526616,24.930313380139662,27.334267935162543,91.66666666666666,17.654462924642264,6.213329274207837,14.19283990609999,13.962580798618717,22.91460649262268,25.062180603808514
104,0.0,3373217.0,898496.0,814421.0,221,ENABLE INTERNATIONAL LIMITED,91.66666666666666,7.037458690212088,5.278787380114641,10.418009103679914,7.3829214064404365,30.96481440798463,38.91800901156828,91.66666666666666,6.243815288468511,7.78035766227717,13.813542103982215,9.464972046545302,28.254106726552457,34.44320617217433,75.0,4.916684584117042,7.154500257153365,13.024860605390328,13.313053811763517,31.217555655648283,30.37334508592746,75.0,4.751450366805689,8.250901281013254,10.762479057625951,15.780505989333124,30.683162297926202,29.771501007295768
105,0.0,1496000.0,664000.0,2000.0,226,IMD GROUP LIMITED,91.66666666666666,9.970826986104749,7.110032668147595,10.775313263543536,9.012701260145867,29.927499171042847,33.203626651015405,91.66666666666666,12.477578405135567,10.645844863084736,12.44171560132555,8.697414487150407,24.357626810977003,31.379819832326746,91.66666666666666,11.865530648423855,11.110749504829647,13.803095909539003,13.840083993901949,21.461857596028448,27.918682347277095,91.66666666666666,18.024629344505087,9.82928937875884,14.10375371256351,16.62179382246726,18.259714785960497,23.16081895574479
106,0.0,3672818.0,1507745.0,304721.0,228,SAMURAI ULTIMATE SPORTSWEAR LIMITED,91.66666666666666,7.3613782540859525,6.667839640952927,10.855490826904077,7.578031207411437,30.482278349110036,37.05498172153557,91.66666666666666,7.993175720479735,8.785378201055163,13.408560885941615,9.090272633812857,27.418459960071377,33.304152598639256,91.66666666666666,9.15741124089319,8.830720482674089,14.572034970948899,11.275580390245992,25.029792369513558,31.134460545724263,75.0,6.764543951150408,9.311106746992163,12.407335483853322,16.13340193905806,28.641589767245286,26.74202211170075
107,0.0,3512000.0,1043000.0,596000.0,229,MASS HOLDINGS AND INVESTMENTS LIMITED,91.66666666666666,7.294192950849462,6.953696294213615,10.743648496225857,7.591366640955444,31.63028955964694,35.78680605810868,91.66666666666666,8.0056384353137,9.739168708229903,13.444029053485599,8.97200022779981,26.441783136408315,33.39738043876267,91.66666666666666,7.522983463562466,8.297163038416778,13.950203371447293,14.090791062718594,27.65566435923367,28.4831947046212,75.0,7.135368985159288,9.205249749293733,12.225487105692904,15.91853543722886,28.200663089589618,27.31469563303559
108,0.0,3076080.0,1807741.0,0.0,231,SECRUTINY LIMITED,91.66666666666666,8.92648561318401,6.133194215577839,10.782780638875918,9.439211248561033,28.01438873718413,36.70393954661707,91.66666666666666,10.989246651315137,10.464111830627534,13.231000571212876,12.008090824206482,24.552893327493802,28.75465679514417,91.66666666666666,11.871203608159913,11.122784174994463,13.813078186937,14.034802585621323,21.225690754210326,27.93244069007698,91.66666666666666,18.184839776509186,9.813846962676767,13.100022112106796,16.743272861544632,18.47157790929846,23.686440377864155
109,0.0,2704845.0,2147498.0,151041.0,239,AURA TECHNOLOGY LIMITED,75.0,5.358598989277392,6.412343875596608,9.721404422507085,15.810494904694439,32.33220304174051,30.36495476618396,75.0,3.867707537883738,7.629405661708355,11.964993261913126,18.15590397449715,30.97474781797711,27.40724174602052,75.0,8.507424199978999,8.052951265443273,13.031970359780438,15.479669442687937,29.47303763603548,25.45494709607387,75.0,5.134363747877106,9.798879643067673,12.692949939829493,18.612046815740307,29.78101425890649,23.980745594578938
110,0.0,1643547.0,682608.0,57392.0,243,CRAIGALAN GROUP LTD,91.66666666666666,9.921646662660267,7.074513545659913,10.733042572318526,8.996677595865709,30.218746701124406,33.05537292237117,91.66666666666666,10.526836009235527,10.228642015500236,12.965031239638819,8.60873296879928,25.506404589755423,32.16435317707072,91.66666666666666,12.327786704405357,10.979811013979905,14.309645109237785,10.509823161038438,23.14973054363079,28.723203467707727,91.66666666666666,9.599480532529514,9.579282776901834,13.060251414342483,16.76857948376433,23.38122054031031,27.611185252151532
111,0.0,1723000.0,1068000.0,0.0,244,SN&CK MEDIA LIMITED,91.66666666666666,8.826318982198114,6.019115552510566,10.517823744009998,9.182534256659672,29.493746101443012,35.960461363178645,91.66666666666666,10.989246651315137,10.464111830627534,13.231000571212876,12.008090824206482,24.552893327493802,28.75465679514417,91.66666666666666,11.840274590045738,11.093701665424419,13.776412334817781,13.998526795758687,21.416396690947842,27.874687923005542,91.66666666666666,18.192187011875383,9.781634443036571,13.10588129980389,16.749523494617367,18.474362124805648,23.696411625861142
112,0.0,864625.0,864545.0,0.0,251,DIAZONE COMPUTER SERVICES LIMITED,75.0,7.66595112513874,7.102050808464114,11.072867103187631,21.538182248897332,26.620949094136716,25.99999962017547,58.33333333333333,9.474718817083259,11.108882356727124,13.785809879885313,25.521846584963185,23.094647224252217,17.014095137088898,58.33333333333333,11.70639006440891,11.422030121187262,15.33925890190109,27.900001760069042,17.25413512335939,16.378184029074305,58.33333333333333,14.342771101868957,11.97840430846104,19.052549249078016,30.450473392367684,13.108340757023374,11.067461191200923
113,0.0,341398.0,142000.0,0.0,252,NEXUS INDEPENDENT FINANCIAL ADVISERS LIMITED,91.66666666666666,9.970826986104749,7.110032668147595,10.775313263543536,9.012701260145867,29.927499171042847,33.203626651015405,91.66666666666666,12.186036694992788,10.413808735113026,12.056931015597664,11.497776942884636,23.779628279617544,30.065818331794336,91.66666666666666,12.886341397345635,11.222823020784027,13.998174778087275,14.158894372308705,21.46238849101873,26.271377940455633,91.66666666666666,19.15221224932834,9.733094288536002,15.372668364593203,16.6678275854704,18.552137542591577,20.52205996948048
114,0.0,2759786.0,3314111.0,9589332.0,253,ARGYLL PRODUCTIONS LIMITED,8.333333333333332,76.25370068098508,19.48935478823085,1.9034636002440728,2.3534809305400026,0.0,0.0,8.333333333333332,84.67732972741831,6.926825913591469,7.53178193836631,0.4156958920907419,0.44836652853318454,0.0,8.333333333333332,83.59972373570113,11.241201627980873,0.719108339459697,3.1369632886359913,0.9067018193187483,0.3963011889035666,8.333333333333332,81.9784239051085,14.223062599033756,0.0,0.0,1.0994652045064852,2.699048291351265
115,0.0,1520268.0,757768.0,0.0,255,AA ABACUS ROTA-ROD LIMITED,91.66666666666666,8.804002238215519,6.471171055202647,10.4587923567012,9.125347600204273,29.345869494851286,35.79481725482508,91.66666666666666,12.066124170685773,10.072707968615761,13.505973139407395,11.390793562941978,23.674873433824107,29.289527724524984,91.66666666666666,11.871203608159913,11.122784174994463,13.813078186937,14.034802585621323,21.225690754210326,27.93244069007698,91.66666666666666,17.87255524963342,9.699228477287566,14.571514546078959,16.513828612297694,18.12733263407243,23.21554048062994
116,0.0,2942891.0,1742561.0,79301.0,256,CTM SYSTEMS LIMITED,91.66666666666666,8.826318982198114,6.019115552510566,10.517823744009998,9.182534256659672,29.493746101443012,35.960461363178645,91.66666666666666,5.723743075528738,8.042909459269362,13.672992230129788,12.62471451441059,27.931772196402772,32.00386852425875,91.66666666666666,11.394556009426646,10.22951074185075,13.248712753865766,13.411776337153286,25.269738836961764,26.44570532074178,75.0,9.638336448611916,9.674700342065002,13.157707836083707,16.935057595482014,25.71254258190988,24.88165519584748
117,0.0,6719378.0,349102.0,0.0,258,BRICK LANE BIKES LIMITED,91.66666666666666,11.348730981836178,7.1755866062210805,11.43900924684919,7.5160265052793305,30.160634713776275,32.36001194603794,91.66666666666666,12.338685050867566,10.451231475919824,13.807768509005433,11.369879497320804,23.660648570569332,28.371786896317037,91.66666666666666,16.818849717081843,12.036075976927277,14.236501388709154,9.21058320742751,21.773760467635512,25.9242292422187,8.333333333333332,23.27888941398971,10.526426404771323,16.86825736291392,12.748374573686716,16.349857122506947,20.22819512213139
118,0.0,8696360.0,4987145.0,0.0,259,ELITE LANDSCAPES LIMITED,91.66666666666666,8.92648561318401,6.133194215577839,10.782780638875918,9.439211248561033,28.01438873718413,36.70393954661707,91.66666666666666,10.912535005353726,10.210711889069472,13.674957531799697,11.576171963551444,23.96959367072525,29.65602993950041,91.66666666666666,11.871203608159913,11.122784174994463,13.813078186937,14.034802585621323,21.225690754210326,27.93244069007698,91.66666666666666,18.184839776509186,9.813846962676767,13.100022112106796,16.743272861544632,18.47157790929846,23.686440377864155
119,0.0,8696.0,4987.0,0.0,262,ELITE LANDSCAPES LIMITED,91.66666666666666,8.92648561318401,6.133194215577839,10.782780638875918,9.439211248561033,28.01438873718413,36.70393954661707,91.66666666666666,10.912535005353726,10.210711889069472,13.674957531799697,11.576171963551444,23.96959367072525,29.65602993950041,91.66666666666666,11.871203608159913,11.122784174994463,13.813078186937,14.034802585621323,21.225690754210326,27.93244069007698,91.66666666666666,18.184839776509186,9.813846962676767,13.100022112106796,16.743272861544632,18.47157790929846,23.686440377864155
120,0.0,1326236.0,214568.0,0.0,263,ON SIGHT LIMITED,91.66666666666666,11.348730981836178,7.1755866062210805,11.43900924684919,7.5160265052793305,30.160634713776275,32.36001194603794,91.66666666666666,12.508077302705084,10.584154973337597,14.017492249375696,8.698807260964353,23.98081854107541,30.210649672541862,91.66666666666666,16.818849717081843,12.036075976927277,14.236501388709154,9.21058320742751,21.773760467635512,25.9242292422187,8.333333333333332,23.59646039101583,10.745242494664756,17.199093586026446,10.651513703414409,16.83190302583604,20.97578679904252
121,0.0,172266.0,117480.0,992.0,265,ASPIRATIONS FINANCIAL ADVICE LTD,91.66666666666666,8.709769532654947,5.886378679419739,10.359855895042399,9.122652960528471,30.514913735120132,35.40642919723431,91.66666666666666,8.01585742266404,8.04778278519531,13.312600952713192,15.48898511151145,24.662048311892743,30.472725416023266,91.66666666666666,11.4028940330221,10.129679816820147,13.259212487282262,13.424546283200375,25.305017941241193,26.47864943843391,91.66666666666666,13.227192795049802,9.810219110618005,13.27551988998168,17.02559637266503,21.369417185888658,25.29205464579683
122,0.0,11399000.0,10882000.0,244000.0,272,SECURI-PLEX LIMITED,75.0,6.807816854071453,7.07427213629213,10.634346032499927,20.331121684371197,28.958650129611986,26.193793163153302,75.0,4.709246329249144,11.16037400464033,13.017146075355196,23.366870082887573,26.295204758835872,21.451158749031887,58.33333333333333,10.554755549658465,11.649217376587691,13.997469699117676,23.80834830569956,20.32822998440053,19.66197908453608,91.66666666666666,8.500819420730894,10.574910784421917,14.857005901585108,19.884932468828058,22.913916113904726,23.268415310529296
123,0.0,1853000.0,1184000.0,0.0,277,RENT4SURE LTD,91.66666666666666,8.826318982198114,6.019115552510566,10.517823744009998,9.182534256659672,29.493746101443012,35.960461363178645,91.66666666666666,10.855539739531059,10.359190913935803,13.115506228808025,11.832811175145,24.300172571154665,29.536779371425443,91.66666666666666,11.840274590045738,11.093701665424419,13.776412334817781,13.998526795758687,21.416396690947842,27.874687923005542,91.66666666666666,18.192187011875383,9.781634443036571,13.10588129980389,16.749523494617367,18.474362124805648,23.696411625861142
124,0.0,4882210.0,1220969.0,435827.0,278,MILES AND BARR LIMITED,91.66666666666666,10.093951090130112,7.2132504799053825,10.930358431575474,7.62951561153821,30.39434473213901,33.738579654711806,91.66666666666666,10.649208542277181,10.491737769535252,14.26548524555636,5.676459759393839,26.040227048253158,32.876881634984215,91.66666666666666,10.23349173169416,11.573827726610798,14.594195720838494,9.474815151383428,24.93137218289469,29.19229748657843,91.66666666666666,11.06880082433381,10.025072792119609,14.26089682387494,15.379882378360342,24.345540043784457,24.91980713752685
125,0.0,878275.0,445507.0,9032.0,282,ROTHBAND LIMITED,91.66666666666666,8.89919975442796,6.629404764582786,10.710605141521205,9.369291235498654,27.890086491739908,36.50141261222949,91.66666666666666,10.779255229796894,10.445070797985471,14.063604916304895,9.104382261106807,24.554447029458743,31.053239765347186,91.66666666666666,11.77585010827725,10.607253811593436,13.726512096806784,13.972373786657108,22.156244670600195,27.76176552606522,91.66666666666666,12.763888106311578,10.007027884545652,13.50061331073705,17.356046299566827,21.801836663892644,24.570587734946255
126,0.0,3617000.0,971000.0,0.0,285,GLANVILLE CONSULTANTS LIMITED,91.66666666666666,11.348730981836178,7.1755866062210805,11.43900924684919,7.5160265052793305,30.160634713776275,32.36001194603794,91.66666666666666,12.508077302705084,10.584154973337597,14.017492249375696,8.698807260964353,23.98081854107541,30.210649672541862,91.66666666666666,13.948690777954559,12.228153272323446,14.61920342346111,9.556278006873557,22.46652190841479,27.181152610972543,8.333333333333332,20.331798672847103,9.685264145625935,15.486572248174285,16.69671716107907,18.77228235694882,19.027365415324784
127,0.0,20761398.0,7766301.0,6314373.0,287,VICTORIAN HOUSE (SALES) LTD,91.66666666666666,4.407308994797717,4.292903448686081,9.067461466217699,8.951678567705681,31.682564811759946,41.598082710832884,91.66666666666666,3.9091179152662368,3.26936775954718,12.790093289575507,13.836900366489782,31.63726523879863,34.55725543032266,91.66666666666666,3.693916464251829,5.032105549310847,10.155368248055014,14.008772072138495,31.24584604276121,35.863991623482605,75.0,3.4284606490649834,5.018557749516011,8.546501977452778,13.239606440102595,36.36028719588566,33.40658598797797
128,0.0,341671.0,174125.0,83920.0,288,VISIONARY GROUP LTD,91.66666666666666,5.507794376484363,4.431754154099654,10.732957674557042,9.418984128845164,33.336419937553075,36.572089728460696,91.66666666666666,4.54295270082021,6.7649359113776235,13.01438737729424,11.90821468433159,31.692793165546817,32.076716160629516,91.66666666666666,2.8390667207947398,5.373158921311094,10.115040854171916,15.357006771774131,32.58110957167323,33.7346171602749,75.0,3.3455983075085847,8.732352529340053,7.448062268335448,17.00681332068587,34.253592269744615,29.21358130438544
129,0.0,3193834.0,1655044.0,0.0,290,ORIGIN STORAGE LIMITED,91.66666666666666,8.89919975442796,6.629404764582786,10.710605141521205,9.369291235498654,27.890086491739908,36.50141261222949,91.66666666666666,12.066124170685773,10.072707968615761,13.505973139407395,11.390793562941978,23.674873433824107,29.289527724524984,91.66666666666666,11.871203608159913,11.122784174994463,13.813078186937,14.034802585621323,21.225690754210326,27.93244069007698,91.66666666666666,18.192187011875383,9.781634443036571,13.10588129980389,16.749523494617367,18.474362124805648,23.696411625861142
130,0.0,605083.0,377417.0,54805.0,292,IEP FINANCIAL LIMITED,91.66666666666666,6.138464380084913,4.9043275198029255,10.792885120554505,9.503738947126806,31.82954042867238,36.83104360375847,91.66666666666666,4.6368692574493275,7.471532574932768,13.37638508300727,12.304448985580459,30.252049425299433,31.958714673730736,91.66666666666666,7.187713217458054,7.879646391863136,13.300587589105314,13.329869408538473,27.736755712378496,30.56542768065652,75.0,5.952945225758764,8.501915140547565,12.410655992550705,16.14303957779009,28.660211767561737,28.33123229579112
131,0.0,274252.0,235522.0,0.0,294,ONYX BUSINESS SYSTEMS LIMITED,91.66666666666666,7.576341673660444,6.361547383769894,9.824121717443957,18.702206401171868,28.454377916329577,29.081404907624258,91.66666666666666,6.959732740993249,10.590244362029637,10.970660635779113,19.19454419917258,26.130521128366453,26.154296933658973,91.66666666666666,11.748161240060258,10.912139048216199,11.484230472753772,19.135468796393308,21.232512809671658,25.487487632904802,91.66666666666666,14.537148135562697,9.933109234695875,13.373659614893757,18.746890481940817,21.575124189663185,21.834068343243672
132,0.0,1371000.0,678000.0,329000.0,296,LITERACY CAPITAL PLC,91.66666666666666,6.108150986480778,4.398229668887825,10.655094354065051,9.343554037118547,33.14136838722971,36.353602566218086,91.66666666666666,4.5290529986234445,7.187014963000742,12.985948431250478,11.85552213136904,31.638412199015864,31.80404927674042,91.66666666666666,3.863092939460216,5.32094343381297,10.34828813454614,14.449710757522055,32.40232585375605,33.61563888090258,91.66666666666666,4.43840437052764,7.434592429762193,10.272399448292564,15.074232380104766,30.530496068998524,32.24987530231431
133,0.0,15408000.0,2203000.0,6780000.0,297,CARGOSTORE WORLDWIDE TRADING LIMITED,91.66666666666666,4.298398476140551,3.658235633978392,6.050324148479382,5.494317437979113,25.665126946878118,54.83359735654444,91.66666666666666,4.4854149575406685,4.537265020386033,12.674762930556827,11.79926843126692,31.30117296141057,35.20211569883898,75.0,2.7442418158294632,5.471476682458426,11.95759339896337,15.566876159103563,32.96201210227644,31.29779984136873,75.0,4.383976751633638,5.754924995485518,10.267371030704606,14.99867274881348,32.40545330013174,32.18960117323101
134,0.0,16408000.0,5769000.0,2832000.0,301,TOTAL INTEGRATED SOLUTIONS LIMITED,91.66666666666666,7.144983172287669,6.4349776485586405,10.566540072304406,7.46573517600139,31.08312753461363,37.304636396234265,91.66666666666666,6.572249499352437,8.742852022802074,13.6344277150231,9.258324990594472,27.94782488393347,33.84432088829445,91.66666666666666,7.281174592971997,7.785249540507193,13.44765833001641,13.740336144590989,27.789371652647958,29.956209739265443,75.0,5.709156242172873,9.362034982155452,12.42356490448662,16.20278067579914,28.642999268505488,27.659463926880417
135,0.0,3043112.0,1067188.0,62609.0,302,ECOVIS WINGRAVE YEATS UK LIMITED,91.66666666666666,9.95205597312235,7.078832200622798,10.725660906622354,9.37603298502767,29.803117509260495,33.06430042534433,91.66666666666666,10.383187084860005,10.27864389014953,13.794971103185844,8.550403848856163,25.219618484695083,31.773175588253377,91.66666666666666,12.420618064616402,11.484082791539551,14.387248817272754,9.533881058906921,23.28666400548545,28.887505262178927,91.66666666666666,16.464547839848017,10.289601093157533,15.119528286555653,13.511885736191287,19.818210201321744,24.796226842925773
136,0.0,1285000.0,149000.0,20000.0,303,PACEPRINT UK LTD,91.66666666666666,11.300739135983237,7.165395860715691,11.715118538400136,7.483386823545976,30.07132316206399,32.26403647929096,91.66666666666666,12.411533405609102,10.344042221143704,14.103022225482245,8.642444924389002,23.805812828816254,30.693144394559695,91.66666666666666,16.51721413159705,11.296286549490505,14.431648359112051,9.324487482226884,22.227412588913474,26.202950888660038,91.66666666666666,17.484170859310623,10.46415568106366,15.924906363328406,13.777497300501423,20.009698826883927,22.339570968911964
137,0.0,286447.0,241811.0,0.0,305,FAN19 LIMITED,75.0,8.3321908974987,6.355706657361171,10.00160597461566,13.686946203924277,31.861936536032843,29.761613730567348,91.66666666666666,9.23729150501361,10.451365503702794,10.84429999502377,19.046777145446107,24.476074704217528,25.944191146596186,91.66666666666666,12.332338568291382,10.870999733172384,12.1525807572989,15.851368849928619,22.366428610672756,26.42628348063596,91.66666666666666,14.537148135562697,9.933109234695875,13.373659614893757,18.746890481940817,21.575124189663185,21.834068343243672
138,0.0,1219000.0,141000.0,0.0,306,TIDEWAY WEALTH MANAGEMENT LTD,91.66666666666666,11.348730981836178,7.1755866062210805,11.43900924684919,7.5160265052793305,30.160634713776275,32.36001194603794,91.66666666666666,12.306595298267986,10.42605038233062,13.768038339120242,11.327812258618833,23.599995411809687,28.57150830985263,91.66666666666666,16.818849717081843,12.036075976927277,14.236501388709154,9.21058320742751,21.773760467635512,25.9242292422187,8.333333333333332,23.19936867932173,10.498232689752678,16.787101622486414,12.687470321088295,16.290784576753595,20.53704211059729
139,0.0,7384267.0,4843823.0,662928.0,312,ABL ACCIDENT REPAIR GROUP LIMITED,91.66666666666666,6.138464380084913,4.9043275198029255,10.792885120554505,9.503738947126806,31.82954042867238,36.83104360375847,91.66666666666666,4.667764615436126,7.543984365141247,13.456138216415054,12.425486093928741,30.426562494732558,31.48006421434627,91.66666666666666,7.217813567603887,7.899277657928028,13.323952803463188,13.473634067504845,27.479183760238655,30.60613814326139,75.0,5.2908454284603685,8.717544929242324,12.47496498562534,16.657276245438695,29.511489247340577,27.347879163892696
140,0.0,4126787.0,498290.0,11900.0,313,TOUCHLINE FABRICATIONS LIMITED,91.66666666666666,11.300724379439316,7.165385203211747,11.715217760402846,7.48338201564946,30.071291900052422,32.2639987412442,91.66666666666666,12.495195956696223,10.574365150370864,14.006392676851057,8.686630864239559,23.961460134079044,30.275955217763258,91.66666666666666,16.40782952079217,11.84898276897125,14.324972319622336,9.274483088716082,22.0984538898593,26.045278412038858,8.333333333333332,23.12236715593757,10.467295645369106,15.920194312900083,12.593326640639956,17.503858194109185,20.3929580510441
141,0.0,791000.0,178000.0,0.0,316,INTEGRAL SCAFFOLDING LIMITED,91.66666666666666,11.348730981836178,7.1755866062210805,11.43900924684919,7.5160265052793305,30.160634713776275,32.36001194603794,91.66666666666666,12.508077302705084,10.584154973337597,14.017492249375696,8.698807260964353,23.98081854107541,30.210649672541862,91.66666666666666,15.502875046328096,11.930104680734228,14.360763060326558,9.322127979363257,22.229948221318168,26.654181011929683,8.333333333333332,20.333442571687883,9.67635832264174,15.488064235571025,16.69875352225571,18.774309999759563,19.029071348084077
142,0.0,10267376.0,5434211.0,108938.0,317,COLIN MEAR ENGINEERING LIMITED,91.66666666666666,8.89919975442796,6.629404764582786,10.710605141521205,9.369291235498654,27.890086491739908,36.50141261222949,91.66666666666666,10.385469006252809,10.500252166447083,14.131173938910951,9.178506487398524,24.672291985834388,31.13230641515624,91.66666666666666,11.77585010827725,10.607253811593436,13.726512096806784,13.972373786657108,22.156244670600195,27.76176552606522,91.66666666666666,12.665754947406151,10.016957793458033,13.510974954819538,17.372750819232515,21.829874053762897,24.603687431320857
143,0.0,667176.0,266851.0,-85099.0,318,HOWARD WRIGHT LTD,91.66666666666666,11.348730981836178,7.1755866062210805,11.43900924684919,7.5160265052793305,30.160634713776275,32.36001194603794,91.66666666666666,12.508077302705084,10.584154973337597,14.017492249375696,8.698807260964353,23.98081854107541,30.210649672541862,91.66666666666666,13.948690777954559,12.228153272323446,14.61920342346111,9.556278006873557,22.46652190841479,27.181152610972543,8.333333333333332,20.331798672847103,9.685264145625935,15.486572248174285,16.69671716107907,18.77228235694882,19.027365415324784
144,0.0,4164277.0,615656.0,0.0,320,C AND G COMMERCIAL SERVICES LIMITED,91.66666666666666,11.348730981836178,7.1755866062210805,11.43900924684919,7.5160265052793305,30.160634713776275,32.36001194603794,91.66666666666666,12.29310621605197,10.415465388237566,13.751337570662315,10.211206751910256,23.57449956410469,29.754384509033205,91.66666666666666,16.818849717081843,12.036075976927277,14.236501388709154,9.21058320742751,21.773760467635512,25.9242292422187,8.333333333333332,23.59646039101583,10.745242494664756,17.199093586026446,10.651513703414409,16.83190302583604,20.97578679904252
145,0.0,5019568.0,3131937.0,866783.0,321,SHIELD SAFETY GROUP LIMITED,91.66666666666666,4.27885133098095,5.328574345271965,9.9277221358325,13.10725211586481,32.861554891616805,34.49604518043297,91.66666666666666,4.613359819427623,7.416401287177645,13.315697929044266,12.212347304860131,30.119255877751982,32.322937781738354,91.66666666666666,6.052279987674733,7.126945312261523,12.178092509843525,13.8413154583025,30.120959719687363,30.68040701223036,75.0,5.273796903213542,9.008811008356927,11.611178991195455,17.330465704223087,31.17588695218142,25.599860440829563
146,0.0,1514947.0,1237566.0,307442.0,323,SLR CONSULTANTS LIMITED,75.0,3.50625986941304,6.906392610845975,11.008679271737376,21.072524675688893,29.399116938600077,28.107026633714632,75.0,4.838212562426094,11.430236658195811,13.940980543756726,23.86264047696485,25.46670779342709,20.46122196522943,58.33333333333333,6.175727673732881,8.838543851123703,15.647595324458297,28.235226935320785,22.01670077357753,19.086205441786802,58.33333333333333,5.843627581334075,10.701145442509278,19.88026124985691,31.64782768658509,15.680942900827338,16.246195138887305
147,0.0,1220459.0,477200.0,645.0,324,ETHICAL NETWORKING LTD,91.66666666666666,9.95205597312235,7.078832200622798,10.725660906622354,9.37603298502767,29.803117509260495,33.06430042534433,91.66666666666666,12.477578405135567,10.645844863084736,12.44171560132555,8.697414487150407,24.357626810977003,31.379819832326746,91.66666666666666,12.365423353470298,11.423206771886887,14.288557414576584,13.223513689088792,22.035519443616792,26.663779327360647,91.66666666666666,19.130795849253325,9.736682037242655,15.37696003867901,16.672405981207994,18.554176894487988,20.52897919912903
148,0.0,1861254.0,716332.0,217448.0,326,NEONAVITAS LIMITED,91.66666666666666,7.244333322211276,6.5354298308286705,10.676066720241263,7.889991699401033,29.997498324055687,37.65668010326206,91.66666666666666,6.692777559372468,8.72945815003717,13.617892801300059,9.246022470425228,27.909071945400342,33.804777073464734,91.66666666666666,9.010895752008249,8.504113038701407,14.060823319513396,14.246700345581417,24.04997003759551,30.127497506600008,75.0,6.517051319289462,9.277175497395977,12.323405822168734,16.05218125295938,28.403530584236975,27.42665552394946
149,0.0,10320980.0,5676430.0,2456503.0,327,ONE BROKER LIMITED,91.66666666666666,4.224039090608588,4.91447481698241,10.38104783194919,10.210513699549614,33.532750084891966,36.73717447601824,91.66666666666666,4.548848772868593,6.773890967042506,13.037049150813534,11.933074988117683,31.750229039811238,31.956907081346436,91.66666666666666,3.16760449062363,5.105630944171239,9.565731781426546,15.83934781887342,32.51498131293352,33.806703651971645,75.0,3.3575259120816394,8.763894416988796,7.159856560273985,17.067480092175373,34.37345144280983,29.277791575670374
150,0.0,7385000.0,507000.0,-117000.0,328,HELIDECK CERTIFICATION AGENCY LIMITED,91.66666666666666,11.348730981836178,7.1755866062210805,11.43900924684919,7.5160265052793305,30.160634713776275,32.36001194603794,91.66666666666666,12.338685050867566,10.451231475919824,13.807768509005433,11.369879497320804,23.660648570569332,28.371786896317037,91.66666666666666,16.818849717081843,12.036075976927277,14.236501388709154,9.21058320742751,21.773760467635512,25.9242292422187,8.333333333333332,23.27888941398971,10.526426404771323,16.86825736291392,12.748374573686716,16.349857122506947,20.22819512213139
151,0.0,478.0,786.0,-710.0,329,SEB SOLUTIONS LLP,91.66666666666666,11.348730981836178,7.1755866062210805,11.43900924684919,7.5160265052793305,30.160634713776275,32.36001194603794,91.66666666666666,12.508077302705084,10.584154973337597,14.017492249375696,8.698807260964353,23.98081854107541,30.210649672541862,91.66666666666666,16.818849717081843,12.036075976927277,14.236501388709154,9.21058320742751,21.773760467635512,25.9242292422187,8.333333333333332,23.59646039101583,10.745242494664756,17.199093586026446,10.651513703414409,16.83190302583604,20.97578679904252
152,0.0,2302931.0,594613.0,0.0,333,THE BIG RD LIMITED,91.66666666666666,11.348730981836178,7.1755866062210805,11.43900924684919,7.5160265052793305,30.160634713776275,32.36001194603794,91.66666666666666,12.508077302705084,10.584154973337597,14.017492249375696,8.698807260964353,23.98081854107541,30.210649672541862,91.66666666666666,13.91127031290489,12.201344580944577,14.58540429373883,9.522838442361085,22.65122712172607,27.12791524832456,8.333333333333332,20.331798672847103,9.685264145625935,15.486572248174285,16.69671716107907,18.77228235694882,19.027365415324784
153,0.0,1300289.0,202134.0,-202134.0,335,FRIARDOWN LIMITED,8.333333333333332,58.7870664163319,13.776428104169147,5.2762364717237125,9.135810020913745,7.2606382234929985,5.763820763368492,8.333333333333332,42.56619076918952,29.95407083551383,9.526087690508888,12.386318843523188,3.150190173661395,2.417141687603177,8.333333333333332,36.55440416906287,28.598548974515626,11.984338805694943,9.922109770791923,5.829339516902618,7.1112587630320245,25.0,24.074755748644233,26.827239984229877,23.349314401366126,14.378421825444851,3.7456070647479085,7.624660975567006
154,0.0,455232.0,495484.0,0.0,338,COMMUNICOURT LIMITED,75.0,5.887057263283296,7.343535750799275,11.49475439586842,22.593814274401698,27.144946913632456,25.535891402014858,58.33333333333333,9.417432912094203,11.67437857821983,14.744552150438825,25.518305930768175,23.106137391203227,15.539193037275737,58.33333333333333,12.070712785278696,15.654936804572229,15.854281510029105,21.46036730052863,16.81412278518376,18.145578814407582,41.66666666666667,15.566110330046032,15.70901541442514,22.42153317714483,21.251379553917698,13.219871160758153,11.832090363708145
