,EBITDA (Period 1),Retained Earnings (Period 1),Total Assets (Period 1),Total Current Liabilities (Period 1),Total Non Current Liabilities (Incl Provisions) (Period 1),Total Sales / Turnover (Period 1),Working Capital (Period 1),Loan ID,Company Name,PD1,PD2,PD3,PD4,PDwithin1,PDwithin2,PDwithin3,PDwithin4
0,414,974163,1167564,127281,0,1340,399329,6,APEX NETWORKS LIMITED,0.838842337,1.091676155,0.643134665,0.299642394,0.838842337,1.92136105,2.552138776,2.84413388
1,1235000,1547373,5965668,-4320978,-32479,14965000,1342076,11,REDINGTON LIMITED,0.517918924,0.667589296,0.635221698,0.439753007,0.517918924,1.182050648,1.809763704,2.24155822
2,2098000,1591000,3881000,2210000,79000,11384000,1468000,13,HATHERTON HOLDINGS LIMITED,0.1925225,0.242355491,0.377265245,0.320172025,0.1925225,0.434411402,0.810037765,1.127616275
3,,4517865,10576611,3314862,25811,35783424,-3755527,14,MEIKA LTD,0.472812391,0.410530178,0.31640001,0.23222769,0.472812391,0.881401531,1.195012786,1.424465326
4,383149,619270,2879554,-2389022,-136265,4709452,4950,15,CONCEPTA CAPITAL LIMITED,0.738873807,1.219926923,1.292325672,1.284507528,0.738873807,1.94978701,3.216915083,4.460101095
5,942000,863000,2068000,1160000,45000,6711000,-128000,16,DICKINSONS (PLUMBING & HEATING CONTRACTORS) LIMITED,0.251523677,0.272940231,0.405981647,0.232723088,0.251523677,0.523777398,0.927632605,1.158196877
6,1005908,2456035,9406526,5669665,280825,7841036,-712226,18,AFTAB CURRENCY EXCHANGE LIMITED,0.356815818,0.366818198,0.524273196,0.26269372,0.356815818,0.722325151,1.24281139,1.502240323
7,2355000,-8133000,14954000,3783000,14476000,11064000,84000,22,CMME GROUP LIMITED,17.48886148,19.77944577,16.33647562,16.49845499,17.48886148,33.80910738,44.62236641,53.75882036
8,2455409,534000,3683023,2423140,725000,14540204,-446000,24,SWEEEP KUUSAKOSKI LIMITED,0.629490993,0.723253055,1.002181737,0.781885971,0.629490993,1.348191236,2.336861647,3.100476025
9,2012126,2699224,6882915,1639951,161000,6812500,981988,31,DUNSTAN THOMAS GROUP LIMITED,0.199041101,0.234325745,0.287537645,0.230962576,0.199041101,0.432900442,0.719193336,0.948494844
10,,582494,1984237,1401553,0,4474409,226545,32,TECHLAND SYSTEMS INTERNATIONAL LIMITED,0.404692843,0.42606596,0.373281528,0.259545022,0.404692843,0.829034544,1.199221439,1.455653941
11,2071300,3403223,4795762,1317190,75186,6826058,152745,33,JANSPEED TECHNOLOGIES LIMITED,0.214683312,0.303192642,0.38953945,0.239815936,0.214683312,0.51722505,0.904749705,1.142395906
12,3701000,751000,46126000,35041000,10246000,90549000,10603000,34,EAGLEMOSS LIMITED,3.881530188,1.691195082,3.841445241,1.067727378,3.881530188,5.507081022,9.136974761,10.10714416
13,1094697,645961,3839270,3128787,64382,11316525,108473,36,SMARTS PLUMBING SPECIALISTS LIMITED,0.397969544,0.721175736,0.482754092,0.690524157,0.397969544,1.116275219,1.593640447,2.273160132
14,554000,22892,1510176,1083740,365044,4420000,-354381,37,GEM VENDING LIMITED,5.31320997,4.525746664,1.829416398,1.628708799,5.31320997,9.598494211,11.25231418,12.69775555
15,,254585,843589,562395,26509,3668100,-51432,39,FATHERSON BAKERY LIMITED,0.49005715,0.400489226,0.38558687,0.29628236,0.49005715,0.88858375,1.270744358,1.563261726
16,,1241000,5750000,4520000,0,18285000,686000,40,REDINGTON LIMITED,0.429887132,0.491188602,0.331785992,0.323508885,0.429887132,0.918964177,1.247701175,1.567173635
17,177134,215297,670403,398155,0,2193723,-101140,41,DIGITAL ORIGIN SOLUTIONS LIMITED,0.293538363,0.270737807,0.335670669,0.236690468,0.293538363,0.563481451,0.897260678,1.131827416
18,1357396,2813476,4329470,798020,0,4433344,1843170,43,BCM SCAFFOLDING SERVICES LIMITED,0.189492789,0.229034728,0.279857788,0.229771882,0.189492789,0.418093512,0.696781233,0.924952107
19,801878,3873811,6117669,3462628,515971,7461059,1484795,44,WILTON UK (GROUP) LIMITED,0.195245938,0.246108977,0.404251158,0.248125101,0.195245938,0.440874398,0.843343315,1.08937587
20,575209,1376277,1948566,172290,0,1978039,644916,45,SWT SOFTWARE LIMITED,0.188886542,0.231353732,0.281752092,0.230383969,0.188886542,0.419803278,0.700372565,0.929142988
21,677000,916000,1495000,567000,6000,3925000,489000,47,APOLLO LIGHTING LIMITED,0.189856689,0.240631972,0.339351305,0.215396832,0.189856689,0.430031804,0.767923791,0.981666539
22,1540000,684403,2968904,2209501,70000,15125000,130141,48,RALPH COLEMAN INTERNATIONAL LIMITED,0.297007194,0.491294867,0.489803836,0.422976168,0.297007194,0.78684288,1.272792729,1.690385287
23,1604000,1229000,2960000,1218000,524000,7418000,1275000,52,NGH HOLDINGS LIMITED,0.194591004,0.242604492,0.381490397,0.320575035,0.194591004,0.436723409,0.816547749,1.134505135
24,905000,368793,157382,229000,0,2245000,561000,55,FINITOR WEALTH LIMITED,0.36949103,0.699864529,0.531137871,0.474522606,0.36949103,1.066769622,1.592241476,2.059208536
25,2345000,1144000,6208072,2922048,2048884,11247000,3000,57,SHINY SKY LIMITED,0.486628602,0.924573054,0.760447996,0.66410836,0.486628602,1.40670242,2.156453175,2.806240349
26,1497000,3556000,11120000,7239000,47000,3722000,482000,59,MOBEUS EQUITY PARTNERS IV LP,0.272716895,0.430731752,0.462017929,0.322432873,0.272716895,0.702273969,1.161047266,1.47973654
27,1518000,1886000,3874000,1917000,0,11057000,1521000,60,LAR LIMITED,0.188537488,0.240750508,0.331367425,0.211473858,0.188537488,0.428834091,0.758780499,0.968649735
28,2165989,4111923,6224280,2103378,8979,21262211,3984932,68,SHUTTERCRAFT LIMITED,0.188537488,0.23932939,0.279097008,0.215508276,0.188537488,0.427415652,0.705319756,0.919308009
29,1149347,461987,2893113,1288422,1142704,4285366,-1106782,71,MARK CLIFFORD PT LIMITED,1.048293122,1.704608385,2.720682445,1.621131237,1.048293122,2.735032215,5.381303118,6.91519637
30,887106,,3732521,1482335,,5559027,,72,WINGATE HOLDINGS LIMITED,9.287270423,10.34127959,11.5200727,12.09954236,9.287270423,18.66812741,28.03761826,36.74473713
31,1845168,554601,638928,87033,6280000,4354066,528430,73,CREATE FINANCIAL MANAGEMENT LLP,0.371624935,0.726278473,0.541910735,0.469303903,0.371624935,1.095204376,1.631180081,2.092828792
32,592971,639695,2380191,1596474,143022,3847753,547102,75,ELECTRONIC MANUFACTURING SOLUTIONS LIMITED,0.300358669,0.304522627,0.446088147,0.349554314,0.300358669,0.603966636,1.047360559,1.393253779
33,562512,241395,1511726,351024,508697,1521518,184577,76,KJA FINANCIAL SERVICES LIMITED,0.268556355,0.342583838,0.474288022,0.336247756,0.268556355,0.610220163,1.081613984,1.414224837
34,1418350,1671459,6511891,3046768,1791504,9871471,2857366,79,BW LEGAL SERVICES LIMITED,0.306958526,0.333692566,0.461107863,0.359945345,0.306958526,0.639626794,1.097785288,1.453779206
35,638268,-1026657,3067406,2225700,2350483,10406050,1271741,81,FIDELITY GROUP LIMITED,8.55941127,1.079893354,1.532029329,1.057622739,8.55941127,9.54687211,10.93264056,11.87463721
36,-122972,144097,2160764,1466667,0,8018378,694097,82,GREENVIEW GAS LTD,1.051110254,0.528173353,0.710452982,0.567038409,1.051110254,1.573731923,2.273004279,2.827153881
37,626991,390037,893776,503739,0,1907021,390037,83,CLEAR TREASURY GROUP LIMITED,0.194217629,0.24179141,0.390914236,0.287462379,0.194217629,0.435539437,0.824751087,1.109842617
38,1048883,878873,3052627,1553893,598861,7993929,479528,84,ECOTEC SERVICES LTD,0.249639417,0.342587546,0.341733137,0.260988639,0.249639417,0.591371729,0.931083954,1.189642569
39,292572,315041,1666490,1314744,36703,3746951,-234575,86,THE VALIDIUM GROUP LIMITED,0.549974805,0.818481754,0.675362647,0.627403594,0.549974805,1.363955116,2.03010612,2.644772756
40,1617567,-618683,4528742,2116303,3031119,5241367,-237744,88,RUSH TRAMPOLINE PARKS LIMITED,12.77797586,10.83588854,13.81607504,13.32340839,12.77797586,22.22925719,32.97412137,41.90425291
41,422453,213917,1529072,1288655,0,5480151,94403,89,INFINITE GROUP LIMITED,0.427725659,0.541937246,0.570452652,0.564222711,0.427725659,0.9673449,1.532279307,2.08785655
42,2291000,4211000,6300000,2200000,0,17600000,4300000,90,SIG ROOFSPACE LIMITED,0.188537488,0.277998887,0.282148504,0.215508276,0.188537488,0.466012243,0.7468459,0.960744661
43,336618,446033,636430,180397,0,2136216,414125,91,MCPARLAND FINN LIMITED,0.190090876,0.241858074,0.342761058,0.286853284,0.190090876,0.4314892,0.772771281,1.057407846
44,881564,159953,4361452,1651100,2350000,5459764,335635,92,D.W. PLASTICS LIMITED,6.84053243,3.840594255,4.903563152,6.485714256,6.84053243,10.41840959,14.81109945,20.33620812
45,421000,-694939,2471343,1303659,1862621,12672778,-694938,94,CLIFTON TRADE BATHROOMS LIMITED,4.411312178,2.129185021,2.83511862,2.516299095,4.411312178,6.446572201,9.098922853,11.38626583
46,910000,2848067,9681311,6831994,0,26128000,2541455,97,ONLINE HOME RETAIL LIMITED,0.23768981,0.294850813,0.329118744,0.246811487,0.23768981,0.531839793,0.859208152,1.103899015
47,688735,29326,1415404,536078,0,3886554,504764,101,TF GLOBAL MARKETS (UK) LIMITED,0.376064094,0.390588261,0.533166344,0.531304868,0.376064094,0.765183492,1.294270135,1.818698483
48,1036000,3327000,4529000,1162000,0,14159000,1331000,102,MATTRESSONLINE.CO.UK LTD,0.193096106,0.224384677,0.268598304,0.212624691,0.193096106,0.417047506,0.684525628,0.895694848
49,264763,216416,0,608235,61709,2786561,744919,103,ETZ TECHNOLOGIES LIMITED,9.105411936,12.26282046,12.13715604,12.82587658,9.105411936,20.25165208,29.9308335,38.91781832
50,6209408,-8589704,26813631,87443,35265893,16415800,2103564,106,MONEYPLUS GROUP LIMITED,16.07635519,11.19612741,12.52607977,13.28793443,16.07635519,25.47255339,34.80792081,43.47060154
51,1323006,1300515,3871989,2085437,480089,5526505,137751,107,HERITAGE CASHMERE UK LIMITED,0.23742215,0.39804364,0.415255467,0.30212457,0.23742215,0.634520746,1.047141331,1.346102229
52,292532,196635,2349200,1831512,301053,5002622,62423,110,SPARTAN MOTOR FACTORS LTD,2.242669898,4.64223237,2.814797966,1.075243348,2.242669898,6.78079232,9.404724682,10.37884435
53,445058,764754,999229,184375,50000,6548382,798524,112,RIMBAL NETWORKS LIMITED,0.196916691,0.330058043,0.345054831,0.224088501,0.196916691,0.526324794,0.869563517,1.091703426
54,564000,2211632,4097000,1284970,243182,5115000,806000,113,MB GLASS SUPPLIES LTD.,0.185188454,0.226908477,0.267126649,0.216272839,0.185188454,0.411676723,0.677703674,0.892510824
55,513000,656072,2346224,1689981,0,6555939,178000,114,OFFICE IMAGE LIMITED,0.283604455,0.359311979,0.335587661,0.271400441,0.283604455,0.641897409,0.975330941,1.24408433
56,1427000,1622000,5238000,806000,5000,12090000,4362000,115,ROBINSON MEDICAL RECRUITMENT LIMITED,0.18927677,0.260171995,0.292818816,0.220649104,0.18927677,0.448956321,0.740460508,0.959475792
57,465,465,45,765,-700,3000000,6554,122,SEB GLAZING LTD,0.36949103,0.699864529,0.531137871,0.474522606,0.36949103,1.066769622,1.592241476,2.059208536
58,2055000,7399093,10463092,2924179,0,15707169,6857793,124,PARWELD INTERNATIONAL LIMITED,0.186783227,0.227498219,0.27168049,0.223441619,0.186783227,0.413856518,0.68441264,0.906324997
59,674864,433491,1443297,684001,325805,3118070,108135,127,MIDLAND SURVEY LIMITED,0.28184751,0.38344943,0.572834646,0.356667516,0.28184751,0.664216197,1.233245982,1.585514911
60,2141185,0,4219832,675580,4487384,6255311,1000011,131,VESSELSVALUE LIMITED,6.985916704,2.82319908,6.465363535,4.993635361,6.985916704,9.611889448,15.45580939,19.67763799
61,743972,448679,2409943,953997,7167,8725163,1416351,132,BRITISH INTERNATIONAL INDUSTRIES LIMITED,0.193130243,0.243177871,0.320041119,0.261682268,0.193130243,0.435838463,0.75448472,1.014192636
62,5285000,9001000,15426000,4945000,1480000,49946000,3780000,133,SWIFT BRICKWORK CONTRACTORS LIMITED,0.187905509,0.240148846,0.272647392,0.211473858,0.187905509,0.427603102,0.699084645,0.909080122
63,1407838,3681973,4720892,863926,175020,6074064,864331,134,FABRIWELD TUBULAR STEEL PRODUCTS LIMITED,0.195536461,0.230635997,0.278841327,0.230780176,0.195536461,0.425721481,0.703375721,0.932532645
64,1081661,3638734,10342817,5226669,2056922,26312081,4389647,137,FRUEHAUF LTD,0.236538591,0.289227848,0.344267904,0.245301467,0.236538591,0.525082304,0.867542518,1.110715891
65,874000,610516,938308,177862,123659,2208000,715709,138,TRUCORP HOLDINGS LIMITED,0.190164143,0.278245185,0.384757307,0.286772296,0.190164143,0.467880206,0.85083731,1.13516964
66,1264000,1735000,4020000,2023000,-1000,6541000,207000,139,TOTAL RESOURCES (UK) LIMITED,0.207018012,0.27246931,0.294348059,0.23371776,0.207018012,0.478923262,0.771861619,1.003775402
67,745000,1046046,3449858,2398945,4867,11514000,1012168,142,MORECROFT HOLDINGS LTD,0.225004277,0.260355243,0.333983686,0.243626005,0.225004277,0.48477371,0.817138331,1.058773575
68,516000,-116000,2609000,2287000,2248000,7507000,478000,144,CHANDERHILL LIMITED,4.978227984,3.280565956,1.678643158,1.24188856,4.978227984,8.095479887,9.638228826,10.76042133
69,724000,595000,2641000,1247000,202000,6387000,213000,147,MX HOLDINGS LIMITED,0.212940067,0.261689424,0.30666759,0.219732617,0.212940067,0.47407225,0.779286014,0.997306286
70,920354,767945,2759097,1977864,12988,7651519,599697,151,MAR FACILITIES (HOLDINGS) LTD,0.257458918,0.296468033,0.343870705,0.261522953,0.257458918,0.553163669,0.895132206,1.154314183
71,748412,422966,1802880,372827,57009,2956799,1167872,153,TRESTE HIRE & SALES LIMITED,0.203443138,0.254014242,0.375160587,0.243554625,0.203443138,0.456940606,0.830386932,1.071919111
72,1195703,747719,8930423,6292000,1891000,15500226,-3363315,156,KELERBAY LIMITED,4.749451129,6.402390462,5.381765055,4.246953891,4.749451129,10.84776319,15.64572711,19.22821419
73,493000,1320117,1706785,386668,0,2650000,455376,160,FARMERS COTTAGE LAMPS LIMITED,0.193691975,0.227990136,0.27805727,0.229390774,0.193691975,0.421240512,0.698126492,0.925915829
74,709055,364830,2770123,1916697,0,14463579,112011,161,GLEN CLEANING COMPANY LIMITED,0.353418407,0.559723221,0.620110782,0.449101735,0.353418407,0.911163463,1.525624022,1.967874154
75,789801,632320,4357213,3574459,150434,11611136,908249,162,MIDWEST ELECTRICAL SERVICES LIMITED,0.388115549,0.501008466,0.503115497,0.409117833,0.388115549,0.887179523,1.385831482,1.789279632
76,680217,1404976,2926000,1145000,159000,4410578,187298,163,COLD FORMED PRODUCTS LIMITED,0.207723346,0.266683372,0.276996044,0.231790126,0.207723346,0.473852755,0.749536245,0.97958902
77,1575,1130,4424,1578,1715,6341,468,165,MANAGED SERVICED OFFICES LIMITED,0.370378644,0.409407702,0.481011377,0.386234532,0.370378644,0.778269986,1.255537797,1.636923008
78,117809,243450,498800,255350,0,3596312,213512,168,DIGITAL FUEL MARKETING LTD,0.185007985,0.257695955,0.271812347,0.214268618,0.185007985,0.442227182,0.7128375,0.925578731
79,300000,-2200000,3700000,420000,3280000,1350000,,169,PARADIGM INTERVENTION TECHNOLOGIES LIMITED,13.97264557,17.62937381,15.27727103,16.74302895,13.97264557,29.13872946,39.96439781,50.01617607
80,-49000,-997175,2358132,3355306,0,11711000,-915000,171,CLASS DELTA LTD,4.909635341,2.408913334,4.043308482,2.705425306,4.909635341,7.200279815,10.95245877,13.36157349
81,2138000,5578000,10773000,5195000,,28500000,-556000,172,EMICO HOLDINGS LIMITED,0.596921771,0.895377525,0.636035964,0.71738549,0.596921771,1.486954593,2.11353299,2.815756302
82,1680,905,5875,1620,3908,10849,473,174,TFM NETWORKS LIMITED,0.565637702,0.853713683,1.122658135,0.653234559,0.565637702,1.414522458,2.521300342,3.158064896
83,1100000,694000,2349000,398000,700000,6097000,-128000,179,FIRST CARE AMBULANCE LIMITED,0.232744752,0.286000701,0.406955997,0.296386203,0.232744752,0.518079801,0.922927441,1.216578214
84,539113,1488252,1791441,252586,50603,1993242,701801,182,SIRIUS CONFERENCE & EVENTS LIMITED,0.196005926,0.231766158,0.2805076,0.230415301,0.196005926,0.427317809,0.70662675,0.935413875
85,668000,-8478000,4923000,3068000,755000,17395000,862000,183,POD FOOD LIMITED,3.980789701,1.248965288,1.506927828,1.037444656,3.980789701,5.180036308,6.608904727,7.577785654
86,874,884,901,12,0,1482,688,186,LEBC HOLDINGS LIMITED,0.199316682,0.377373837,0.609464212,0.322723573,0.199316682,0.575938349,1.181892423,1.500801751
87,1573504,0,730150,136863,0,4924310,500000,189,COINFIRM LIMITED,0.445079532,0.359083412,0.597753988,0.600447093,0.445079532,0.802564737,1.395521362,1.987589088
88,299869,886811,475268,172814,124650,1514394,247012,190,LH HOLDINGS 2019 LIMITED,0.204099033,0.244111262,0.380554144,0.320448272,0.204099033,0.447712066,0.826562424,1.144361991
89,450000,1423000,4726000,3297000,0,7754000,1578000,191,NEO G LIMITED,0.27500872,0.282807768,0.415586242,0.292094378,0.27500872,0.557038742,0.970310008,1.259570165
90,767,469,2405,632,1303,3235,178,193,LEAN EDUCATION AND DEVELOPMENT LIMITED,0.49494101,0.804831217,0.547036824,0.978890468,0.49494101,1.295788787,1.835737169,2.796657781
91,396000,-2793000,3205000,2426000,2215000,8871000,-978000,195,DIRTY TRADING LIMITED,19.06597132,14.87666419,3.506813749,3.701280187,19.06597132,31.10625498,33.52223031,35.98275882
92,2329,2519,5660,3141,0,16463,1669,197,INDOOR CLIMATE SYSTEMS (UK) LIMITED,0.191877125,0.240750508,0.374156913,0.217514899,0.191877125,0.432165688,0.804705623,1.020470167
93,231000,71000,2861000,1773000,240000,5469000,695000,198,WJL CONTRACTS LIMITED,1.800026195,1.018682966,2.231323878,0.722827102,1.800026195,2.8003726,4.969211096,5.656119394
94,1328,769118,7355828,6046110,362500,26381,2263820,199,IT FLEET AUTOMOTIVE LIMITED,3.025769201,2.678846825,3.132175526,2.27641179,3.025769201,5.623560304,8.57959605,10.6607009
95,553000,,1203000,200000,0,2062000,,204,SYLVAN ENTERPRISES OF SHERWOOD FOREST LIMITED,1.132592675,1.544712813,1.272410026,1.289876659,1.132592675,2.659810183,3.898376517,5.137968928
96,1720000,1909263,2970180,1069768,-8852,10641000,497504,206,AUTOMATED MATERIALS HANDLING LIFE SERVICES LIMITED,0.187783417,0.244292475,0.360588696,0.298049802,0.187783417,0.431617152,0.790649485,1.086342758
97,-80000,-4500000,9851000,1966000,485000,5741000,-1134000,207,ONE REBEL LTD,2.538175299,3.603892427,1.733479312,1.997032143,2.538175299,6.050594618,7.679188124,9.522864412
98,676,1571,2112,538,0,3319,0,208,CREW A LA MODE LIMITED,0.238498928,0.290812389,0.30695873,0.241216329,0.238498928,0.528617734,0.833953825,1.073158522
99,1770887,3873811,6117669,3462628,515971,8237387,3115668,209,WILTON UK (GROUP) LIMITED,0.197865623,0.238518461,0.418258782,0.262912704,0.197865623,0.435912139,0.85234768,1.113019454
100,2196565,3559000,5530246,3836384,158346,30659283,678000,210,PARKER FITZGERALD LIMITED,0.254352013,0.394069377,0.470430971,0.273477597,0.254352013,0.647419067,1.114804378,1.385233236
101,825000,1046300,1409400,363000,0,2887000,462500,211,KAIZEN REPORTING LIMITED,0.19858931,0.245923736,0.346503226,0.28189305,0.19858931,0.444024668,0.788989335,1.068658279
102,941688,427327,1916051,1410715,78009,4395859,,216,BACKHOUSE JONES LIMITED,0.375042233,0.629044443,0.615713575,0.486883234,0.375042233,1.001727493,1.611273297,2.090311512
103,1088553,865366,2107631,156593,206048,3118783,461533,220,BRANDSAFE PROTECTION LTD,0.191642873,0.245057343,0.377001296,0.327705649,0.191642873,0.436230582,0.811587283,1.136633314
104,855091,1117390,3373217,898496,814421,5882973,734805,221,ENABLE INTERNATIONAL LIMITED,0.185157659,0.225218672,0.278862468,0.238179216,0.185157659,0.409959321,0.687678566,0.924219874
105,789000,830000,1496000,664000,2000,6731000,0,226,IMD GROUP LIMITED,0.224501081,0.265532951,0.361534362,0.280551199,0.224501081,0.489437908,0.849202784,1.127371535
106,428000,1860352,3672818,1507745,304721,5700000,218137,228,SAMURAI ULTIMATE SPORTSWEAR LIMITED,0.209263623,0.275230845,0.270680564,0.225863045,0.209263623,0.48391851,0.753289201,0.977450843
107,1982000,1873000,3512000,1043000,596000,5200000,0,229,MASS HOLDINGS AND INVESTMENTS LIMITED,0.237887291,0.300853871,0.405388263,0.306562301,0.237887291,0.538025468,0.941232639,1.244909476
108,837741,1268339,3076080,1807741,0,4929884,-810500,231,SECRUTINY LIMITED,0.366675194,0.325594798,0.378872647,0.263767975,0.366675194,0.691076116,1.067330464,1.328283163
109,474927,406306,2704845,2147498,151041,9301645,423170,239,AURA TECHNOLOGY LIMITED,0.348939389,0.425028758,0.473407135,0.402902232,0.348939389,0.772485055,1.242235191,1.64013243
110,664000,899305,1643547,682608,57392,3632000,498000,243,CRAIGALAN GROUP LTD,0.189856689,0.241672874,0.350874936,0.211854061,0.189856689,0.43107073,0.780433147,0.990633829
111,421000,656000,1723000,1068000,0,4380000,494000,244,SN&CK MEDIA LIMITED,0.193061788,0.223697064,0.29793286,0.226047848,0.193061788,0.416326979,0.713019463,0.937455546
112,577993,864545,864625,864545,0,5157435,864545,251,DIAZONE COMPUTER SERVICES LIMITED,0.309907683,0.577122121,0.505198358,0.446968094,0.309907683,0.885241259,1.385967392,1.826740654
113,0,168658,341398,142000,0,635296,168585,252,NEXUS INDEPENDENT FINANCIAL ADVISERS LIMITED,0.28710651,0.270426002,0.264656505,0.216148926,0.28710651,0.556756101,0.819939114,1.034315751
114,-3676587,-6514286,2759786,3314111,9589332,248355701,-1864299,253,ARGYLL PRODUCTIONS LIMITED,5.174302403,2.757951316,4.993563579,2.687884787,5.174302403,7.789548977,12.39413648,14.74888115
115,1014174,760500,1520268,757768,0,4205910,1067679,255,AA ABACUS ROTA-ROD LIMITED,0.188818342,0.27815634,0.352734752,0.28520318,0.188818342,0.466449472,0.817538894,1.100410427
116,889850,1121029,2942891,1742561,79301,4978656,1070008,256,CTM SYSTEMS LIMITED,0.195072752,0.224924042,0.316946126,0.247261746,0.195072752,0.419558028,0.735174381,0.980618322
117,1137000,6370276,6719378,349102,0,4797000,1560244,258,BRICK LANE BIKES LIMITED,0.196166418,0.242683801,0.275104299,0.222677544,0.196166418,0.438374155,0.712272468,0.933363941
118,,3709215,8696360,4987145,0,22479265,,259,ELITE LANDSCAPES LIMITED,0.401324017,0.35255886,0.302887246,0.223311346,0.401324017,0.752467974,1.05307609,1.274035797
119,1368,3709,8696,4987,0,22479,3707,262,ELITE LANDSCAPES LIMITED,0.188792475,0.221912884,0.297978216,0.204025949,0.188792475,0.410286404,0.707042056,0.909625456
120,523180,243696,1326236,214568,0,2905975,238975,263,ON SIGHT LIMITED,0.200119017,0.278410247,0.438277705,0.254650637,0.200119017,0.477972112,0.914154972,1.166477708
121,263931,88794,172266,117480,992,917149,47128,265,ASPIRATIONS FINANCIAL ADVICE LTD,0.226259455,0.333486897,0.46008949,0.340328936,0.226259455,0.558991807,1.016509435,1.353378895
122,406000,1,11399000,10882000,244000,8379000,-3267000,272,SECURI-PLEX LIMITED,12.73056279,12.3384977,12.0757076,13.38791207,12.73056279,23.4983003,32.73642186,41.74161056
123,2114208,668000,1853000,1184000,0,6619256,629000,277,RENT4SURE LTD,0.196743194,0.241181499,0.447023318,0.358523737,0.196743194,0.437450184,0.882517998,1.237877698
124,1759338,3235414,4882210,1220969,435827,12493433,1644277,278,MILES AND BARR LIMITED,0.189938866,0.24087827,0.275838011,0.21160062,0.189938866,0.430359615,0.705010531,0.915119344
125,165390,25382,878275,445507,9032,1876115,338013,282,ROTHBAND LIMITED,0.398193851,0.493036291,0.563755576,0.483963344,0.398193851,0.889266902,1.448009186,1.924964697
126,1767000,2646000,3617000,971000,0,8808000,2342000,285,GLANVILLE CONSULTANTS LIMITED,0.201329858,0.245102748,0.344063227,0.286984311,0.201329858,0.44593914,0.788468055,1.073189587
127,4087000,1534137,20761398,7766301,6314373,19105000,-1745346,287,VICTORIAN HOUSE (SALES) LTD,2.729804169,2.868147122,3.361297054,1.754199682,2.729804169,5.519656492,8.695421495,10.29708612
128,224073,77351,341671,174125,83920,1388153,165354,288,VISIONARY GROUP LTD,0.257280033,0.311503303,0.461015543,0.403509901,0.257280033,0.567981901,1.026378959,1.425747319
129,739000,1174450,3193834,1655044,0,11619000,1380840,290,ORIGIN STORAGE LIMITED,0.185007985,0.220610302,0.27615059,0.217878625,0.185007985,0.40521014,0.68024174,0.896638263
130,1045081,184389,605083,377417,54805,2881611,-261859,292,IEP FINANCIAL LIMITED,0.503189036,0.429541271,0.554047304,0.417258404,0.503189036,0.930568903,1.479460415,1.890545646
131,461987,38229,274252,235522,0,1445873,-107966,294,ONYX BUSINESS SYSTEMS LIMITED,0.607250117,1.077743001,1.23859604,0.864307001,0.607250117,1.678448522,2.896255365,3.735529828
132,1665000,,1371000,678000,329000,10745000,693000,296,LITERACY CAPITAL PLC,1.189117008,0.529167368,1.057244522,0.766952035,1.189117008,1.711991957,2.751136538,3.496988675
133,3077000,,15408000,2203000,6780000,8736000,6425000,297,CARGOSTORE WORLDWIDE TRADING LIMITED,1.637780755,0.895383384,1.567293417,1.176565534,1.637780755,2.518499722,4.046320858,5.175278775
134,2097000,7638000,16408000,5769000,2832000,25492000,4481000,301,TOTAL INTEGRATED SOLUTIONS LIMITED,0.184960999,0.224274372,0.27125306,0.214947204,0.184960999,0.40882055,0.678964672,0.89245246
135,406180,718254,3043112,1067188,62609,5235240,544572,302,ECOVIS WINGRAVE YEATS UK LIMITED,0.195882843,0.236588211,0.271908213,0.219602165,0.195882843,0.432007618,0.702741167,0.920800097
136,331000,1116000,1285000,149000,20000,1388000,737000,303,PACEPRINT UK LTD,0.196631217,0.231766158,0.279311707,0.234714153,0.196631217,0.427941651,0.706058067,0.939115002
137,-944,-616869,286447,241811,0,907940,3186,305,FAN19 LIMITED,8.492711311,2.136217472,1.835130733,2.743925917,8.492711311,10.447506,12.09091134,14.50307161
138,226000,1015000,1219000,141000,0,3100000,461000,306,TIDEWAY WEALTH MANAGEMENT LTD,0.192539759,0.225924745,0.265769454,0.205323227,0.192539759,0.41802951,0.682687969,0.886609478
139,1564000,589830,7384267,4843823,662928,17910000,-1730169,312,ABL ACCIDENT REPAIR GROUP LIMITED,1.752310851,1.94985998,1.977508452,0.848609196,1.752310851,3.668003223,5.572976601,6.374293006
140,828408,3616497,4126787,498290,11900,3514203,3552852,313,TOUCHLINE FABRICATIONS LIMITED,0.196285801,0.28500354,0.284464826,0.223904171,0.196285801,0.48072992,0.763827238,0.986021168
141,445355,613000,791000,178000,0,878277,45000,316,INTEGRAL SCAFFOLDING LIMITED,0.221010795,0.312078028,0.402251835,0.322868264,0.221010795,0.532399096,0.932509346,1.252366834
142,1161431,4724227,10267376,5434211,108938,13163909,4459648,317,COLIN MEAR ENGINEERING LIMITED,0.188295764,0.225195002,0.298589414,0.215477423,0.188295764,0.413066733,0.710422774,0.924369396
143,602528,392268,667176,266851,-85099,1319982,173695,318,HOWARD WRIGHT LTD,0.19176554,0.243803714,0.358433316,0.28189305,0.19176554,0.435101723,0.79197549,1.071636016
144,,3522853,4164277,615656,0,4300591,495924,320,C AND G COMMERCIAL SERVICES LIMITED,0.340197592,0.361378987,0.268927408,0.23492177,0.340197592,0.700347176,0.967391159,1.200040316
145,1675056,,5019568,3131937,866783,9223925,,321,SHIELD SAFETY GROUP LIMITED,6.262233461,6.458791795,5.309522896,3.165581612,6.262233461,12.31656063,16.97213292,19.60044782
146,693384,742614,1220459,477200,645,2002841,,324,ETHICAL NETWORKING LTD,0.233487674,0.297399969,0.391896532,0.306570136,0.233487674,0.530193251,0.920011973,1.223761627