,Intangible Assets (Period 1),Total Assets (Period 1),Total Current Liabilities (Period 1),Total Non Current Liabilities (Incl Provisions) (Period 1),Loan ID,Company Name,RR1,RR1 distribution Max 8.333333333333334,RR1 distribution Max 25.0,RR1 distribution Max 41.66666666666667,RR1 distribution Max 58.333333333333336,RR1 distribution Max 75.0,RR1 distribution Max 91.66666666666667,RR2,RR2 distribution Mid 8.333333333333334,RR2 distribution Mid 25.0,RR2 distribution Mid 41.66666666666667,RR2 distribution Mid 58.333333333333336,RR2 distribution Mid 75.0,RR2 distribution Mid 91.66666666666667,RR3,RR3 distribution Mid 8.333333333333334,RR3 distribution Mid 25.0,RR3 distribution Mid 41.66666666666667,RR3 distribution Mid 58.333333333333336,RR3 distribution Mid 75.0,RR3 distribution Mid 91.66666666666667,RR4,RR4 distribution Mid 8.333333333333334,RR4 distribution Mid 25.0,RR4 distribution Mid 41.66666666666667,RR4 distribution Mid 58.333333333333336,RR4 distribution Mid 75.0,RR4 distribution Mid 91.66666666666667
0,0.0,1167564.0,127281.0,0.0,6,APEX NETWORKS LIMITED,91.66666666666666,11.889455497349655,6.896439586898021,12.566875234122335,8.15070624851392,28.94680107014157,31.549722362974496,91.66666666666666,12.192116014197955,9.929333576021449,12.49991707445411,8.82366289506902,23.208727763280717,33.34624267697675,91.66666666666666,14.535789353410328,14.037514733306706,13.932382615042252,11.701621790560564,20.104451861900603,25.688239645779543,91.66666666666666,19.678345278729704,11.53905518904335,15.80609653763408,10.719820112866769,17.944594155880825,24.31208872584528
1,0.0,5965668.0,-4320978.0,-32479.0,11,REDINGTON LIMITED,8.333333333333332,48.560922967536925,15.254834274900814,9.839101742240523,13.961983625424956,6.4830848452230985,5.90007254467368,8.333333333333332,47.113381086674075,26.327080831954454,4.149487094399421,14.850136886645757,3.458535557565405,4.101378542760889,8.333333333333332,43.548891378945065,26.94084934037152,4.780190133522237,10.62458865146623,3.347792007113849,10.757688488581095,25.0,24.430464627637235,30.084343136932983,24.055072820167272,11.93595807879178,3.8893756778803774,5.604785658590357
2,0.0,3881000.0,2210000.0,79000.0,13,HATHERTON HOLDINGS LIMITED,91.66666666666666,6.964227951151661,5.958425773718743,9.295814425198838,10.800840772965515,28.91944711226384,38.061243964701404,91.66666666666666,7.1395160159397815,7.750820445949504,13.160591897988857,12.20134691896513,25.945911898202596,33.80181282295413,91.66666666666666,9.288598492376378,12.273167997362995,12.491611967537878,12.543465763340217,24.72996687505315,28.673188904329383,91.66666666666666,9.301057394260797,12.489551180746556,13.248813951861074,13.751903290845297,25.020782706651286,26.187891475634995
3,0.0,10576611.0,3314862.0,25811.0,14,MEIKA LTD,91.66666666666666,11.899736898625228,6.8308596582812,12.050935358329054,10.040436236925595,27.816715061463267,31.36131678637566,91.66666666666666,11.821897879892266,9.64506361234084,11.98553588198229,8.39530394853966,23.34046115073596,34.811737526508985,91.66666666666666,13.661443976849114,13.354094375233746,13.278177764368525,12.132001476895873,21.145627079046815,26.428655327605927,91.66666666666666,14.034436223916291,11.80088594173788,14.603492896568449,14.31576712999886,20.40802660844409,24.837391199334434
4,0.0,2879554.0,-2389022.0,-136265.0,15,CONCEPTA CAPITAL LIMITED,8.333333333333332,48.560922967536925,15.254834274900814,9.839101742240523,13.961983625424956,6.4830848452230985,5.90007254467368,8.333333333333332,47.113381086674075,26.327080831954454,4.149487094399421,14.850136886645757,3.458535557565405,4.101378542760889,8.333333333333332,43.548891378945065,26.94084934037152,4.780190133522237,10.62458865146623,3.347792007113849,10.757688488581095,25.0,24.430464627637235,30.084343136932983,24.055072820167272,11.93595807879178,3.8893756778803774,5.604785658590357
5,0.0,2068000.0,1160000.0,45000.0,16,DICKINSONS (PLUMBING & HEATING CONTRACTORS) LIMITED,91.66666666666666,6.964227951151661,5.958425773718743,9.295814425198838,10.800840772965515,28.91944711226384,38.061243964701404,91.66666666666666,7.1395160159397815,7.750820445949504,13.160591897988857,12.20134691896513,25.945911898202596,33.80181282295413,91.66666666666666,8.989216723628711,11.745013367591168,12.768627610355548,11.95068986121984,26.308121468834806,28.238330968369933,91.66666666666666,9.308380796556056,12.502265420842493,13.164385192853285,13.764617530941234,25.05092016465647,26.209430894150465
6,0.0,9406526.0,5669665.0,280825.0,18,AFTAB CURRENCY EXCHANGE LIMITED,91.66666666666666,6.644128743327503,5.987348065327995,9.326550487637823,10.815827778617582,29.018361349567485,38.20778357552162,91.66666666666666,6.224116810907762,7.828498424548172,13.30834188644841,12.325767961878437,26.172131976226797,34.141142939990424,91.66666666666666,8.878339723930807,11.760012416940189,12.782212814888885,11.964661578421666,26.341671973957613,28.273101491860842,75.0,8.645528131631487,9.788949111686389,10.968691931129895,12.113785673096372,30.3543451217746,28.12870003068126
7,0.0,14954000.0,3783000.0,14476000.0,22,CMME GROUP LIMITED,58.33333333333333,3.826909403723733,9.073353705233163,36.43690781820684,42.83356392873226,4.5047830643882,3.324482079715798,58.33333333333333,7.243834820351883,19.58044137900614,31.96688923124375,31.985970004996204,5.453718944787815,3.7691456196142044,41.66666666666667,9.576270370104831,18.034419025363523,31.51020490842635,29.52426059877184,7.724588162852326,3.630256934481139,41.66666666666667,19.119006537178134,23.372933044490587,33.06409750189794,16.98086220669065,3.31458043385522,4.148520275887475
8,0.0,3683023.0,2423140.0,725000.0,24,SWEEEP KUUSAKOSKI LIMITED,91.66666666666666,3.164265771885803,5.13045806456903,10.44561589786655,16.59879395732712,32.13433304423905,32.52653326411245,75.0,3.6862649131638046,8.008952542901792,12.067578012194543,16.22774265986105,30.113993276071877,29.89546859580693,75.0,5.1015177509828336,10.013152530996553,12.344012502534381,19.71696785428478,28.009638554429593,24.81471080677186,75.0,4.767400272685603,9.507371091788341,10.69697948741583,19.615193661040124,31.701973125569012,23.711082361501088
9,0.0,6882915.0,1639951.0,161000.0,31,DUNSTAN THOMAS GROUP LIMITED,91.66666666666666,11.90727844322387,6.291453551489133,12.579153263502349,8.160751908915746,28.982161794756,32.07920103811289,91.66666666666666,11.3675069319407,9.280885143915144,13.071785142892884,7.859988772560617,22.505693608718687,35.91414039997197,91.66666666666666,10.175780248284171,13.64980871890967,13.699957300014958,11.328013969168909,23.560104599418242,27.586335164204044,91.66666666666666,13.992446959440924,11.73677762225704,14.345218059781374,12.737642392610788,22.43741972844614,24.75049523746374
10,0.0,1984237.0,1401553.0,0.0,32,TECHLAND SYSTEMS INTERNATIONAL LIMITED,91.66666666666666,7.96634059964055,5.842403144559203,9.143488655822988,11.82773553563832,28.372733861737252,36.84729820260168,91.66666666666666,9.443199868167863,8.870533294225748,13.272495164275183,13.945570482561504,25.93653749669359,28.53166369407611,91.66666666666666,11.614386608028045,14.012819008531904,9.67065879741282,13.427653200930173,23.5326031891597,27.741879195937358,91.66666666666666,12.359397411355408,12.071508177638304,12.846464217993397,14.713987024177872,22.581875357380483,25.426767811454543
11,0.0,4795762.0,1317190.0,75186.0,33,JANSPEED TECHNOLOGIES LIMITED,91.66666666666666,11.950177283019729,6.310655889302518,12.249883806250535,8.210129349007309,29.085698724317368,32.19345494810254,91.66666666666666,11.519580940267552,9.430922446773337,11.632202958795908,8.097760434277443,22.799472942986476,36.52006027689929,91.66666666666666,9.70463588004383,13.510143462904484,13.573272232808659,12.499049349218957,23.41115297025778,27.301746104766288,91.66666666666666,13.977285984311832,11.717095690605403,14.329879555669505,12.855209796646294,22.412267880305713,24.708261092461264
12,0.0,46126000.0,35041000.0,10246000.0,34,EAGLEMOSS LIMITED,91.66666666666666,2.896750073999906,6.755666132308816,11.816801112147354,17.80322083059659,29.648687451836793,31.078874399110536,75.0,4.4412926863754265,9.367171421912838,13.552172979559876,22.932063318899367,25.648574275292958,24.058725317959546,75.0,7.073365091131126,12.5118631686546,11.7452880511241,20.709660657306355,25.247008341624944,22.712814690158883,75.0,4.750335233795135,10.920209563905729,11.683201761881996,22.13299870228811,25.717736426333648,24.795518311795384
13,0.0,3839270.0,3128787.0,64382.0,36,SMARTS PLUMBING SPECIALISTS LIMITED,75.0,6.073347406734877,6.559180448445804,9.485199782246529,14.411569121461977,32.90089634607693,30.569806895033892,91.66666666666666,5.960927671019801,8.76126749899456,11.921355944918083,15.790575708996005,28.240411486765687,29.325461689305865,75.0,8.718010740435936,10.174720881096093,9.4308782146623,17.366284118761723,28.499913086324895,25.810192958719053,91.66666666666666,5.751378468651335,11.243823787864713,12.023217389334615,21.03785295464739,24.480537756475954,25.46318964302599
14,0.0,1510176.0,1083740.0,365044.0,37,GEM VENDING LIMITED,91.66666666666666,2.877557467331076,6.332642977892583,11.837100871406655,17.900836888859253,29.811413104448025,31.240448690062404,91.66666666666666,4.391808623418729,9.133516943728852,13.086159492396135,22.62945251057599,25.28900475207295,25.470057677807333,75.0,3.2427991310325788,12.92065608311793,12.132601298019638,21.36674544948099,26.733606028989627,23.603592009359247,75.0,4.067831650328358,9.633686076791944,11.499648716174546,21.698554811911393,28.956403329567504,24.14387541522625
15,0.0,843589.0,562395.0,26509.0,39,FATHERSON BAKERY LIMITED,91.66666666666666,6.451880587556358,5.938764940581455,9.277703969145637,12.053988101010408,28.869701149298194,37.407961252407965,91.66666666666666,6.106682212025158,7.7516436626715715,13.083879316902284,13.353072035167092,26.07913138741127,33.62559138582263,91.66666666666666,9.060351650376566,12.052596165480644,11.883879566862872,12.387742185605093,27.00967680605047,27.60575362562437,75.0,8.727747000809812,8.882469360808614,11.102364003003347,12.232479511095761,30.674423428501314,28.38051669578116
16,0.0,5750000.0,4520000.0,0.0,40,REDINGTON LIMITED,91.66666666666666,6.776463384529803,6.23585219092496,9.306401133509073,12.655592779132748,30.180448102170036,34.84524240973338,91.66666666666666,10.887654545811069,8.460735468342277,13.069558721536417,13.695293913870032,25.698452831530872,28.188304518909334,91.66666666666666,11.399882058413686,14.083958405132805,9.806842474687809,14.722318984406229,23.64970297091865,26.337295106440816,91.66666666666666,8.768733269991206,11.830194401355618,10.69167036674616,20.66366705039647,23.061112223887974,24.984622687622572
17,0.0,670403.0,398155.0,0.0,41,DIGITAL ORIGIN SOLUTIONS LIMITED,91.66666666666666,8.260471556893373,6.020143099234397,9.332375014435442,10.692529617380705,28.012850251626126,37.68163046042995,91.66666666666666,9.440268945243472,8.86849839630967,13.270167666658756,13.942555818982132,25.954382137678287,28.524127035127684,91.66666666666666,11.347758997131649,13.621577082137195,12.82167498435786,12.987506033736123,22.581885308020556,26.639597594616614,91.66666666666666,12.693241426408463,12.104442720191374,12.885109953940313,14.725220246687329,22.12832128145051,25.463664371322015
18,0.0,4329470.0,798020.0,0.0,43,BCM SCAFFOLDING SERVICES LIMITED,91.66666666666666,11.889455497349655,6.896439586898021,12.566875234122335,8.15070624851392,28.94680107014157,31.549722362974496,91.66666666666666,12.178516242056592,9.91955805270566,12.666972060296516,8.730809038230197,23.183251766989752,33.320892839721274,91.66666666666666,14.076674578322173,13.893835095106283,13.788969050245903,11.55075817045012,21.241533764817135,25.448229341058383,91.66666666666666,19.94196992596997,11.725385782546608,14.51170712268975,10.896097603131158,18.2050986816282,24.719740884034316
19,0.0,6117669.0,3462628.0,515971.0,44,WILTON UK (GROUP) LIMITED,91.66666666666666,6.785564702488064,6.201359129427147,9.692831580078746,7.863792603800748,29.98099253016321,39.47545945404209,91.66666666666666,5.004310705614117,7.88880981460927,13.515123795229316,12.408368343918637,26.567292203907094,34.61609513672156,91.66666666666666,8.491652539413021,9.97482095437772,12.46532478734054,12.342846080478502,27.698095919711974,29.02725971867825,75.0,8.521627798528419,8.701310101193894,10.901004985005432,12.056140847009702,32.080997268233254,27.7389190000293
20,0.0,1948566.0,172290.0,0.0,45,SWT SOFTWARE LIMITED,91.66666666666666,11.889455497349655,6.896439586898021,12.566875234122335,8.15070624851392,28.94680107014157,31.549722362974496,91.66666666666666,12.192116014197955,9.929333576021449,12.49991707445411,8.82366289506902,23.208727763280717,33.34624267697675,91.66666666666666,14.535789353410328,14.037514733306706,13.932382615042252,11.701621790560564,20.104451861900603,25.688239645779543,91.66666666666666,19.678345278729704,11.53905518904335,15.80609653763408,10.719820112866769,17.944594155880825,24.31208872584528
21,0.0,1495000.0,567000.0,6000.0,47,APOLLO LIGHTING LIMITED,91.66666666666666,10.215903797630647,6.541711747969464,11.379818564773576,12.1227016562366,27.275587200929248,32.46427703246047,91.66666666666666,11.561751877276127,9.460793527154413,11.279327866906282,8.139265514385883,22.87493672500182,36.68392448927547,91.66666666666666,13.533246652606268,13.218501051515355,13.157992772890859,12.592786458892741,20.96757523982064,26.52989782427414,91.66666666666666,14.183551421964818,11.93788601276994,14.790698050168444,13.12386180845989,20.750654932981043,25.213347773655865
22,0.0,2968904.0,2209501.0,70000.0,48,RALPH COLEMAN INTERNATIONAL LIMITED,91.66666666666666,6.415564247581463,6.046045913683272,9.476097580201053,12.257652951768412,29.312413014474103,36.492226292291704,91.66666666666666,6.12276327177587,7.777218360106443,13.132524522648193,13.394036418953121,25.836144994004577,33.73731243251179,75.0,9.28188567888146,10.842787425075603,10.489416531183457,13.696478499042383,28.091150458182945,27.59828140763416,75.0,5.929935945825321,11.42857029222032,11.493443031205604,17.637308255080843,28.06556872630458,25.445173749363338
23,0.0,2960000.0,1218000.0,524000.0,52,NGH HOLDINGS LIMITED,91.66666666666666,5.429309360236763,6.309191251011637,9.77299718508273,7.971178289396863,30.41320437447583,40.10411953979619,91.66666666666666,4.988229645863403,7.863235117174399,13.466478589483405,12.367403960132606,26.810278597313797,34.50437409003239,91.66666666666666,5.408241205943187,9.540296918781642,12.694064031058755,13.249371447439234,28.167488072019157,30.940538324758016,75.0,8.406523700347583,8.713683940238111,10.915130872055911,12.077081190007608,32.11591821554294,27.771662081807847
24,0.0,157382.0,229000.0,0.0,55,FINITOR WEALTH LIMITED,75.0,8.515335972603854,14.056341322459307,15.751025215411094,19.06895730432202,29.0720583675437,13.536281817660015,58.33333333333333,11.329239004344693,18.190562584571097,18.263541640699646,20.029189294187667,18.43425198118725,13.753215495009652,25.0,14.088164219372882,21.527596885848652,17.521103239710023,20.329590335177123,12.47221780548789,14.061327514403438,25.0,18.660229243757843,23.205053273700912,17.587216044028338,21.628513339868462,10.701864255944471,8.217123842699973
25,0.0,6208072.0,2922048.0,2048884.0,57,SHINY SKY LIMITED,75.0,4.017641356100492,4.9201773226928465,7.816370157277628,13.441024631637683,35.22325167212351,34.58153486016784,91.66666666666666,4.871614878908403,2.516164577251868,12.518439959607422,13.257479703999447,30.681623802368506,36.154677077864356,75.0,3.8708029788039098,3.690555944827857,11.667420165048718,18.328760095189676,32.77730230882947,29.665158507300376,75.0,2.966016259370383,7.942041616348225,5.500564883346189,21.98347954964335,33.93700701595471,27.67089067533714
26,0.0,11120000.0,7239000.0,47000.0,59,MOBEUS EQUITY PARTNERS IV LP,91.66666666666666,8.130795714863265,5.9417814792941765,9.249099191210835,10.65192405068441,28.712607766530862,37.31379179741644,91.66666666666666,8.877520218255864,7.610149791324945,12.86922273758207,13.619653576210922,25.35877743066468,31.664676245961516,91.66666666666666,9.470012575411609,13.143528315997516,12.486749863804476,12.452954085894437,23.586664043576064,28.8600911153159,91.66666666666666,10.669015888276375,12.219899410485528,12.30060541259728,14.737820166560295,24.44030721475686,25.63235190732366
27,0.0,3874000.0,1917000.0,0.0,60,LAR LIMITED,91.66666666666666,8.185301767076073,6.365566492180171,10.075717962350916,10.537371418215628,27.649458981648827,37.186583378528375,91.66666666666666,11.232300702119396,8.881158984100251,11.403650139391749,11.460353905486494,25.169883308680095,31.852652960222006,91.66666666666666,11.23808093684227,13.483085558425751,13.553222288916228,12.86560987124997,21.91324868217342,26.94675266239236,91.66666666666666,13.458373792372361,12.304607992959886,13.096075810335686,15.04138306843533,20.206065291022046,25.893494044874686
28,0.0,6224280.0,2103378.0,8979.0,68,SHUTTERCRAFT LIMITED,91.66666666666666,11.784516552108633,6.7790203629063015,11.951391468729625,10.104519005635707,27.534384423797093,31.84616818682263,91.66666666666666,11.945891053716966,9.731150301596278,12.084001049431317,8.49965145066746,22.608729028244046,35.130577116343936,91.66666666666666,13.660861015571419,13.353477781574647,13.277631238170686,12.135749647267039,21.144817410605572,26.427462906810646,91.66666666666666,14.781414800229866,11.835169030794713,14.664943703667452,14.408867037233378,19.36325060738852,24.94635482068608
29,0.0,2893113.0,1288422.0,1142704.0,71,MARK CLIFFORD PT LIMITED,75.0,2.700752463744111,4.558473004161192,7.963197654884661,13.82878196529195,38.794471338435464,32.154323573482635,91.66666666666666,3.6644183749663237,5.507758980864295,11.57792854905054,17.677291577977645,30.364294208366356,31.208308308774846,75.0,2.295404117291583,3.858906218945353,9.587428511077691,16.18875858736232,44.321612130721334,23.74789043460172,75.0,2.8223971338972254,7.665592228836629,7.707772586569848,23.01699194232306,33.255190530479474,25.532055577893765
30,0.0,3732521.0,1482335.0,,72,WINGATE HOLDINGS LIMITED,8.333333333333332,48.560922967536925,15.254834274900814,9.839101742240523,13.961983625424956,6.4830848452230985,5.90007254467368,8.333333333333332,47.113381086674075,26.327080831954454,4.149487094399421,14.850136886645757,3.458535557565405,4.101378542760889,8.333333333333332,43.548891378945065,26.94084934037152,4.780190133522237,10.62458865146623,3.347792007113849,10.757688488581095,25.0,24.430464627637235,30.084343136932983,24.055072820167272,11.93595807879178,3.8893756778803774,5.604785658590357
31,0.0,638928.0,87033.0,6280000.0,73,CREATE FINANCIAL MANAGEMENT LLP,8.333333333333332,100.0,0.0,0.0,0.0,0.0,0.0,8.333333333333332,97.14734304451873,0.4555994774280592,1.1808118081180812,1.0344827586206897,0.0,0.18176291131443376,8.333333333333332,94.18555810514441,0.0,1.9220298665257034,1.2664112067340916,1.2539535703272982,1.3720472512684867,8.333333333333332,98.25882983714229,0.0,0.0,1.3953488372093024,0.345821325648415,0.0
32,0.0,2380191.0,1596474.0,143022.0,75,ELECTRONIC MANUFACTURING SOLUTIONS LIMITED,91.66666666666666,5.49831446470969,6.0091356677911545,9.359795634551512,12.173401346198961,29.15630093848516,37.80305194826353,91.66666666666666,4.954306050654356,7.805080382530319,13.267090927846558,13.497868308332725,26.429248775925778,34.04640555471026,91.66666666666666,7.7536048894181295,9.98839205593034,12.459639369812473,13.067139622698,27.69274599950239,29.038478062638667,75.0,7.044488105350637,8.668361635181336,10.861490545792096,13.834068665346265,32.01442058102191,27.57717046730776
33,0.0,1511726.0,351024.0,508697.0,76,KJA FINANCIAL SERVICES LIMITED,91.66666666666666,4.4818127232231335,4.707188946558989,5.940099451832999,3.409165839105676,29.605518476939295,51.85621456233991,91.66666666666666,4.645258930569289,4.739546024779399,9.824036838781995,11.465984876079586,29.56325644709465,39.76191688269508,91.66666666666666,5.1344832730507255,3.83837790728317,12.94203409650695,13.06247318447845,31.72271035005944,33.29992118862127,91.66666666666666,5.151990651838676,5.248000056755305,9.696478300669813,12.17360452266739,32.51574079232418,35.21418567574462
34,0.0,6511891.0,3046768.0,1791504.0,79,BW LEGAL SERVICES LIMITED,91.66666666666666,5.013973379445787,4.064173526976852,6.959991370818294,9.653979331442471,32.96602714288777,41.34185524842883,91.66666666666666,4.7107530470912415,4.8713622410022435,12.167772116695671,12.848665846438609,28.474107678071398,36.92733907070084,75.0,4.926973032266645,3.670243921849355,11.953552198858738,16.793599968036027,32.982887266214256,29.672743612774983,75.0,4.573436090281122,6.964752492406337,9.442028401676152,15.568397848102613,32.784361958654586,30.667023208879197
35,0.0,3067406.0,2225700.0,2350483.0,81,FIDELITY GROUP LIMITED,41.66666666666667,3.835511203497145,13.339031515107116,35.5723988287859,34.564169901105785,8.924443653093766,3.7644448984102916,58.33333333333333,8.424311819115557,22.248764604007036,23.408106303548497,31.237545430841546,11.088051383623688,3.5932204588636734,58.33333333333333,13.000391222979765,17.856200655147465,24.662501999382584,29.574538706539382,8.489914481383112,6.41645293456769,25.0,13.738929941508863,23.130828046552114,22.989817536606072,22.570771010593393,10.37057566881848,7.199077795921083
36,0.0,2160764.0,1466667.0,0.0,82,GREENVIEW GAS LTD,91.66666666666666,8.130795714863265,5.9417814792941765,9.249099191210835,10.65192405068441,28.712607766530862,37.31379179741644,91.66666666666666,9.521552948002379,8.92493271822514,13.334716727673182,14.026162221819863,25.459492342057434,28.73314304222201,91.66666666666666,11.614386608028045,14.012819008531904,9.67065879741282,13.427653200930173,23.5326031891597,27.741879195937358,91.66666666666666,12.619575849032156,12.015430147528331,12.782042764541002,14.636207674024288,22.633876963710776,25.312866601163446
37,0.0,893776.0,503739.0,0.0,83,CLEAR TREASURY GROUP LIMITED,91.66666666666666,8.260471556893373,6.020143099234397,9.332375014435442,10.692529617380705,28.012850251626126,37.68163046042995,91.66666666666666,9.293141447184587,8.749134953850799,11.647714992484467,13.758437148182445,25.591838931600698,30.95973252669701,91.66666666666666,11.366002907679592,13.648347688091139,12.861996826796759,13.017622965434311,22.391008744954817,26.715020867043382,91.66666666666666,12.693241426408463,12.104442720191374,12.885109953940313,14.725220246687329,22.12832128145051,25.463664371322015
38,0.0,3052627.0,1553893.0,598861.0,84,ECOTEC SERVICES LTD,91.66666666666666,5.142342548275756,4.655359636657721,9.294810566803271,11.786300101626797,31.95132825538013,37.16985889125633,91.66666666666666,5.0375528284022435,6.497141185376695,13.417615619190174,13.603523842609661,26.8508528069519,34.593313717469336,91.66666666666666,5.5488491661333725,8.158906426847985,12.800225804558554,13.653900264169053,28.450880342401053,31.387237995889983,75.0,7.132070658077053,8.76247311139769,10.966115890484858,12.861815424496376,32.36871866014784,27.908806255396186
39,0.0,1666490.0,1314744.0,36703.0,86,THE VALIDIUM GROUP LIMITED,75.0,6.291364447580464,6.535363120789915,9.548934071543567,14.362067382797303,32.800641711690595,30.461629265598155,91.66666666666666,5.053780041304603,7.8888689423800855,13.528913754172828,14.17679989114311,28.22207367933991,31.129563691659456,75.0,8.998461262347497,10.58119219733097,9.698968333884132,14.24340081208677,29.361701448751255,27.116275945599373,75.0,5.705996187512883,11.105614113488516,11.873679053124302,20.721122450868602,25.542148206892122,25.051439988113565
40,0.0,4528742.0,2116303.0,3031119.0,88,RUSH TRAMPOLINE PARKS LIMITED,75.0,2.3384707715831383,4.859365004049589,12.88391251817978,18.020221353548937,43.265999376088345,18.6320309765502,58.33333333333333,2.700599084237721,9.719603075037524,16.655889851655438,28.419975609467784,27.752253060205533,14.751679319396013,58.33333333333333,7.178854520895358,12.696092658370258,19.816119501999054,27.564451382590637,18.39273395009694,14.351747986047753,58.33333333333333,8.545720541727777,14.398442134729805,22.876020882064545,30.50264169926797,14.610608871773783,9.066565870436119
41,0.0,1529072.0,1288655.0,0.0,89,INFINITE GROUP LIMITED,75.0,6.179265022333541,6.277822628939009,9.713305498219702,14.301059009844518,33.85195725062073,29.6765905900425,91.66666666666666,9.123855871109097,8.589074166182622,11.478019514929057,16.385123691823456,26.759843372220125,27.664083383735637,75.0,10.543445350487302,11.50890950174908,8.975934052594,17.94655384675556,25.776584835502938,25.24857241291112,91.66666666666666,8.603337289307005,11.666154635427644,11.653954914843471,20.340533792121583,23.188592495982107,24.54742687231819
42,0.0,6300000.0,2200000.0,0.0,90,SIG ROOFSPACE LIMITED,91.66666666666666,11.685963857556777,6.754811853487645,11.909240985131394,10.87370647003643,27.088499574782915,31.687777259004836,91.66666666666666,11.98484191362629,10.230716285287919,12.454295203324536,8.540192725511954,22.836676652956584,33.953277219292715,91.66666666666666,13.584226731731599,13.272422289051761,13.205786597070853,12.62847251428047,21.038380905272486,26.27071096259283,91.66666666666666,15.201876794659915,11.765693792731895,14.610800327724425,14.349889431295434,19.274467114578712,24.797272539009615
43,0.0,636430.0,180397.0,0.0,91,MCPARLAND FINN LIMITED,91.66666666666666,11.910885178091569,6.907814677714135,12.476943908230535,8.175162820072499,28.918010173267835,31.611183242623426,91.66666666666666,11.873742641593115,9.657792194700793,13.93451350035807,8.478876098611444,22.614396250619855,33.44067931411673,91.66666666666666,13.72838746246191,13.424899985016516,13.340937282130522,12.204323297492644,21.238604142397918,26.062847830500484,91.66666666666666,15.223345708873156,11.762146366458715,14.608035750881013,14.34687801723386,19.269933803088175,24.78966035346508
44,0.0,4361452.0,1651100.0,2350000.0,92,D.W. PLASTICS LIMITED,75.0,2.839230750470002,4.813716913704017,10.627890800889785,15.909930900134112,33.973050882969304,31.836179751832784,91.66666666666666,3.380890129460104,7.888885710092147,12.940020067463188,22.294620491118906,25.631035394459794,27.864548207405864,75.0,1.4412783207589934,9.829091452633024,13.46095485474417,22.39656125677331,28.088645040109355,24.78346907498114,75.0,2.071587840675895,7.513234309463947,10.64598565433679,24.61148243476904,31.56481389085612,23.592895869898207
45,0.0,2471343.0,1303659.0,1862621.0,94,CLIFTON TRADE BATHROOMS LIMITED,41.66666666666667,3.90067150302065,9.921679874450891,34.23426588625489,30.376991556187438,17.975672115340828,3.5907190647453104,58.33333333333333,3.5581821321704385,13.19316837152229,22.267843212334675,32.80372550363321,20.122133225225646,8.054947555113733,58.33333333333333,10.222997958074313,13.591353413818217,24.31795010853982,28.363738092497055,16.067779674368616,7.436180752701984,41.66666666666667,13.378405498999573,22.85782931071183,23.15819460268899,22.935915621816218,10.414002443595095,7.255652522188302
46,0.0,9681311.0,6831994.0,0.0,97,ONLINE HOME RETAIL LIMITED,91.66666666666666,7.96634059964055,5.842403144559203,9.143488655822988,11.82773553563832,28.372733861737252,36.84729820260168,91.66666666666666,9.443199868167863,8.870533294225748,13.272495164275183,13.945570482561504,25.93653749669359,28.53166369407611,91.66666666666666,11.614386608028045,14.012819008531904,9.67065879741282,13.427653200930173,23.5326031891597,27.741879195937358,91.66666666666666,12.718084795580914,12.122740464453873,12.904950633915599,14.800687817250374,21.909087476646537,25.544448812152705
47,0.0,1415404.0,536078.0,0.0,101,TF GLOBAL MARKETS (UK) LIMITED,91.66666666666666,10.236747818161584,6.468904558539535,11.301967940745197,12.146693549255883,27.325894526156613,32.519791607141194,91.66666666666666,12.091782516170266,9.876174283530538,12.11822605075846,8.645444792226286,23.028044046982643,34.240328310331805,91.66666666666666,13.584226731731599,13.272422289051761,13.205786597070853,12.62847251428047,21.038380905272486,26.27071096259283,91.66666666666666,15.24254894939942,11.808730607630674,14.281773268562556,14.422720964201059,19.34809773953816,24.89612847066813
48,0.0,4529000.0,1162000.0,0.0,102,MATTRESSONLINE.CO.UK LTD,91.66666666666666,11.889455497349655,6.896439586898021,12.566875234122335,8.15070624851392,28.94680107014157,31.549722362974496,91.66666666666666,12.029502399020013,9.890106629415072,12.506492145628451,8.584148045346828,22.91659541629272,34.07315536429692,91.66666666666666,13.883617010069283,13.589085083447388,13.486464983012434,11.23272895490954,21.454200736297047,26.353903232264308,91.66666666666666,15.721218021767525,11.679880197526826,14.543924158951747,14.277042176025198,19.164804579763302,24.613130865965406
49,0.0,0.0,608235.0,61709.0,103,ETZ TECHNOLOGIES LIMITED,8.333333333333332,48.560922967536925,15.254834274900814,9.839101742240523,13.961983625424956,6.4830848452230985,5.90007254467368,8.333333333333332,47.113381086674075,26.327080831954454,4.149487094399421,14.850136886645757,3.458535557565405,4.101378542760889,8.333333333333332,43.548891378945065,26.94084934037152,4.780190133522237,10.62458865146623,3.347792007113849,10.757688488581095,25.0,24.430464627637235,30.084343136932983,24.055072820167272,11.93595807879178,3.8893756778803774,5.604785658590357
50,0.0,26813631.0,87443.0,35265893.0,106,MONEYPLUS GROUP LIMITED,41.66666666666667,11.768292393034741,22.671765896985274,59.16092310604626,6.399018603933734,0.0,0.0,41.66666666666667,16.879408573407588,24.337139325608184,50.33071395550003,3.996666766421194,2.499623751221421,1.9564476278415823,41.66666666666667,29.51600346888293,20.25699265373868,38.87079322399601,7.271028926695874,2.30350562002148,1.7816761066650275,41.66666666666667,22.745732552231342,22.78486673610604,40.96089416069876,8.129173088908024,2.9581376351065956,2.421195826949242
51,0.0,3871989.0,2085437.0,480089.0,107,HERITAGE CASHMERE UK LIMITED,91.66666666666666,5.777633189561412,6.2894115590086965,9.788031827252912,7.917718862034688,30.292350977375058,39.934853584767225,91.66666666666666,4.988229645863403,7.863235117174399,13.466478589483405,12.367403960132606,26.810278597313797,34.50437409003239,91.66666666666666,7.630703377185531,10.030352371713336,12.35631717460386,12.265349936292216,27.471913081413003,30.245364058792056,75.0,8.521627798528419,8.701310101193894,10.901004985005432,12.056140847009702,32.080997268233254,27.7389190000293
52,0.0,2349200.0,1831512.0,301053.0,110,SPARTAN MOTOR FACTORS LTD,91.66666666666666,4.597085167227513,6.42427071445805,11.623092408241774,17.539800656480857,29.24824894443137,30.567502109160426,91.66666666666666,4.32308021692287,9.023351182269684,13.042131787473785,20.094430721355106,25.154018794363143,28.362987297615405,75.0,7.167815720208864,11.999676185781576,11.91443686172422,19.127033617157032,26.356180602752623,23.434857012375687,75.0,5.470255478387019,10.41417660833373,11.314893972232742,19.527501732392636,29.57891194677532,23.694260261878544
53,0.0,999229.0,184375.0,50000.0,112,RIMBAL NETWORKS LIMITED,91.66666666666666,10.844676325822638,6.01614196524797,12.490549567371664,8.179773913214232,30.236687871793517,32.23217035654998,91.66666666666666,11.66982387156541,9.49502630948265,13.42511806607926,8.157532286822832,23.04668181646817,34.20581764958167,91.66666666666666,11.149620778312775,13.470500396379034,13.541024923226441,11.297002773697978,23.324649226398215,27.21720190198555,91.66666666666666,12.852880702971731,10.984664091442905,14.196968452802356,11.84636744579151,23.236927509365156,26.882191797626348
54,0.0,4097000.0,1284970.0,243182.0,113,MB GLASS SUPPLIES LTD.,91.66666666666666,10.101235609238449,6.380262234579953,10.747635624336205,11.971323156443447,27.927760450061314,32.87178292534064,91.66666666666666,9.88440352447099,9.66120590383694,11.531711175023625,8.163175412825808,23.716267003957075,37.04323697988555,91.66666666666666,8.63900931457338,12.63861486916477,12.715398519004866,11.912845816683522,25.889517356360887,28.20461412421257,91.66666666666666,9.775558149600078,11.719803313945118,13.979889734019219,12.13247634746009,26.16154618460952,26.230726270365967
55,0.0,2346224.0,1689981.0,0.0,114,OFFICE IMAGE LIMITED,91.66666666666666,7.96634059964055,5.842403144559203,9.143488655822988,11.82773553563832,28.372733861737252,36.84729820260168,91.66666666666666,9.443199868167863,8.870533294225748,13.272495164275183,13.945570482561504,25.93653749669359,28.53166369407611,91.66666666666666,11.614386608028045,14.012819008531904,9.67065879741282,13.427653200930173,23.5326031891597,27.741879195937358,91.66666666666666,12.02579156239766,12.052804940320588,12.814987586775597,14.687995319198102,23.01881698267789,25.399603608630166
56,0.0,5238000.0,806000.0,5000.0,115,ROBINSON MEDICAL RECRUITMENT LIMITED,91.66666666666666,11.889455497349655,6.896439586898021,12.566875234122335,8.15070624851392,28.94680107014157,31.549722362974496,91.66666666666666,12.001256828804456,9.770367725616582,11.687237277872327,8.5541430293062,22.707804625769022,35.27919051263141,91.66666666666666,14.197755487289818,14.09151821178815,13.986286087082064,11.758325442966083,20.187664768994658,25.77845000187923,91.66666666666666,19.876206132739643,11.638752518583237,16.0228012825021,9.805981864649151,18.11516385761353,24.54109434391233
57,0.0,45.0,765.0,-700.0,122,SEB GLAZING LTD,75.0,8.633799525311296,14.20959895332808,16.022196271991884,17.6326513561012,29.716242640461743,13.78551125280579,58.33333333333333,11.306467528018507,18.143301029931838,18.212516665968742,19.979092046270054,18.367455650630436,13.99116707918042,25.0,14.038357421457274,21.436543833409182,17.437376294938094,20.232467079241683,12.449631001781976,14.405624369171797,25.0,18.69499712205775,23.251410444767455,17.439850490008084,21.669719714149828,10.710292832502025,8.233729396514851
58,0.0,10463092.0,2924179.0,0.0,124,PARWELD INTERNATIONAL LIMITED,91.66666666666666,11.910885178091569,6.907814677714135,12.476943908230535,8.175162820072499,28.918010173267835,31.611183242623426,91.66666666666666,11.873742641593115,9.657792194700793,13.93451350035807,8.478876098611444,22.614396250619855,33.44067931411673,91.66666666666666,13.753887628048606,13.451871314002442,13.364843687368047,12.044715690559265,21.274021039046108,26.11066064097553,91.66666666666666,15.223345708873156,11.762146366458715,14.608035750881013,14.34687801723386,19.269933803088175,24.78966035346508
59,0.0,1443297.0,684001.0,325805.0,127,MIDLAND SURVEY LIMITED,91.66666666666666,5.230508190759318,4.777714420592035,9.495134134212002,10.038190976418687,32.56027946459577,37.89817281342218,91.66666666666666,5.0354968856084685,6.49361671201594,13.405531710524727,13.67203574460526,26.827760457492218,34.56555848975339,91.66666666666666,5.120153383845044,7.638449441111712,12.421181682887392,13.333215959578995,30.499365002935498,30.987634529641362,75.0,7.099293204888854,8.730055850002769,10.91288333493109,12.814405179706304,32.24519771586719,28.198164714603802
60,0.0,4219832.0,675580.0,4487384.0,131,VESSELSVALUE LIMITED,41.66666666666667,9.15774294869409,11.924056114550737,60.702737971944565,16.021087598369547,1.1809841299765302,1.0133912364645206,41.66666666666667,10.978636222591206,20.23041169156725,42.980695937808804,19.52051461959781,2.8087487316937256,3.480992796741206,41.66666666666667,15.723441187308698,18.061799610397586,44.212864893799534,17.52862686206427,2.938656231071568,1.5346112153583429,41.66666666666667,23.211911437029404,23.046032114212966,39.25212065818341,8.612021755656171,3.4076479359400493,2.470266098978006
61,0.0,2409943.0,953997.0,7167.0,132,BRITISH INTERNATIONAL INDUSTRIES LIMITED,91.66666666666666,10.223386453884709,6.712035343958296,11.155411322665516,12.131314346292296,27.293646692915395,32.484205840283785,91.66666666666666,11.561751877276127,9.460793527154413,11.279327866906282,8.139265514385883,22.87493672500182,36.68392448927547,91.66666666666666,12.915035846001155,13.289090787985277,13.264314917284608,12.672199912421405,21.130581802326844,26.728776733980702,91.66666666666666,14.395365374185184,12.158587015254211,12.947221673788892,13.639451364785932,21.13627243474976,25.723102137236033
62,0.0,15426000.0,4945000.0,1480000.0,133,SWIFT BRICKWORK CONTRACTORS LIMITED,91.66666666666666,8.984833446991187,6.245583506538231,10.71455404294465,11.944074101490926,28.267071137300103,33.8438837647349,91.66666666666666,9.671888978179332,8.976199941918898,11.332405556817482,8.027040647701023,25.843767687010576,36.14869718837269,91.66666666666666,8.463462998843468,9.951316526272533,12.951391406879594,12.131578508440766,26.395640336711633,30.106610222852005,75.0,9.22255851546614,11.434447016031786,13.694904735948132,11.875789793670483,28.070739661061626,25.701560277821834
63,0.0,4720892.0,863926.0,175020.0,134,FABRIWELD TUBULAR STEEL PRODUCTS LIMITED,91.66666666666666,11.378864860733133,6.3096259508416725,12.610905789286148,8.224415944175437,29.197952001350412,32.2782354536132,91.66666666666666,11.66982387156541,9.49502630948265,13.42511806607926,8.157532286822832,23.04668181646817,34.20581764958167,91.66666666666666,11.256490536569155,13.644981634348635,13.715183047792392,11.480208073566056,23.740687214744213,26.16244949297954,91.66666666666666,14.376802206650549,10.838878166259997,14.712646453718362,11.698705244826186,23.006830766263747,25.36613716228116
64,0.0,10342817.0,5226669.0,2056922.0,137,FRUEHAUF LTD,91.66666666666666,5.142342548275756,4.655359636657721,9.294810566803271,11.786300101626797,31.95132825538013,37.16985889125633,91.66666666666666,5.0375528284022435,6.497141185376695,13.417615619190174,13.603523842609661,26.8508528069519,34.593313717469336,91.66666666666666,5.5488491661333725,8.158906426847985,12.800225804558554,13.653900264169053,28.450880342401053,31.387237995889983,75.0,7.08294456704006,8.71388686751495,10.886332163687937,12.790758042817869,32.183588317077394,28.342490041861783
65,0.0,938308.0,177862.0,123659.0,138,TRUCORP HOLDINGS LIMITED,91.66666666666666,10.557298627958703,5.776984015274487,11.618632700933329,9.397174154074186,29.195105060210736,33.45480544154856,91.66666666666666,9.69015857913556,9.481297520597673,13.324168451010227,7.883898671000542,23.34702388767394,36.27345289058206,91.66666666666666,8.605822934734148,10.124826527798234,12.90498370013054,12.080126050380608,26.288437141160788,29.99580364579569,75.0,9.75406125171623,10.562895774445417,13.976438930814822,12.132893016182848,27.28531504861141,26.28839597822928
66,0.0,4020000.0,2023000.0,-1000.0,139,TOTAL RESOURCES (UK) LIMITED,91.66666666666666,8.162750700283288,6.170605522238127,9.254154903922936,10.644451546941866,27.798193622273377,37.9698437043404,91.66666666666666,11.285746361119095,8.94845851775422,10.333378863570882,11.48065971237739,25.81573302444277,32.13602352073564,91.66666666666666,11.235731693971534,13.479412096106646,13.549764912615897,12.861486950011821,21.93151754227001,26.94208680502409,91.66666666666666,13.458373792372361,12.304607992959886,13.096075810335686,15.04138306843533,20.206065291022046,25.893494044874686
67,0.0,3449858.0,2398945.0,4867.0,142,MORECROFT HOLDINGS LTD,91.66666666666666,7.96634059964055,5.842403144559203,9.143488655822988,11.82773553563832,28.372733861737252,36.84729820260168,91.66666666666666,9.298883089737402,7.7599091427506375,13.169443338265824,13.876166860925116,25.772098343126252,30.12349922519476,91.66666666666666,11.17966669978042,13.999198133444688,9.655010380911955,13.429711114355053,23.520383997259962,28.21602967424792,91.66666666666666,12.353332118012315,12.23730055224519,12.365895381928443,14.917696172312315,22.357181379146862,25.76859439635487
68,0.0,2609000.0,2287000.0,2248000.0,144,CHANDERHILL LIMITED,58.33333333333333,7.381616117229381,13.814781963170217,34.870899603161284,35.83908499074123,4.339030230183147,3.7545870955147396,58.33333333333333,11.344535709689119,24.181335437498905,25.278894810207724,28.403180285186018,7.348175913934944,3.4438778434832797,58.33333333333333,13.654759104139714,21.34863613265164,24.685563172922773,25.575511931353716,8.66189837938248,6.073631279549678,25.0,18.138370684729267,22.567994700384517,21.926610845095716,22.13802720143715,8.751862438824434,6.477134129528908
69,0.0,2641000.0,1247000.0,202000.0,147,MX HOLDINGS LIMITED,91.66666666666666,6.753538780464327,6.146255704768657,10.331763127757462,7.848883984927628,29.768361408530186,39.151196993551736,91.66666666666666,7.063654047336722,8.509868889411063,11.459636168587517,11.171175311517054,25.766395176150542,36.02927040699711,91.66666666666666,8.487113818914898,9.967204050362279,12.458573440599578,12.33780507491192,27.687293764926434,29.06200985028489,75.0,8.521627798528419,8.701310101193894,10.901004985005432,12.056140847009702,32.080997268233254,27.7389190000293
70,0.0,2759097.0,1977864.0,12988.0,151,MAR FACILITIES (HOLDINGS) LTD,91.66666666666666,7.92764560737977,5.844168422247457,9.146297052145213,11.833409642493427,28.384631594805054,36.86384768092908,91.66666666666666,9.005370433627979,7.7819174819049115,13.20254989972866,13.917817051152554,25.86739794505143,30.22494718853446,91.66666666666666,9.846681824087469,13.120952069833852,10.061102047253767,13.39431071247495,25.078342542076598,28.498610804273365,91.66666666666666,9.485605732400776,11.732649451535494,12.251298549519078,15.093328617736624,25.096744566677724,26.34037308213031
71,0.0,1802880.0,372827.0,57009.0,153,TRESTE HIRE & SALES LIMITED,91.66666666666666,11.661020878085626,6.298794120846199,12.61177801620042,8.187444888395985,29.076121082526445,32.16484101394533,91.66666666666666,11.66982387156541,9.49502630948265,13.42511806607926,8.157532286822832,23.04668181646817,34.20581764958167,91.66666666666666,11.149620778312775,13.470500396379034,13.541024923226441,11.297002773697978,23.324649226398215,27.21720190198555,91.66666666666666,12.808295759938835,10.937487000559258,14.09442308382669,12.282182304503223,23.103786234528386,26.77382561664361
72,0.0,8930423.0,6292000.0,1891000.0,156,KELERBAY LIMITED,91.66666666666666,3.036485031366889,6.334375826888504,11.841129375055292,17.720896443072945,29.818355844778655,31.248757478837717,91.66666666666666,4.39564587323122,9.048816368794165,13.100342952665619,22.64986468620192,25.30911556683826,25.496214552268814,75.0,7.03306642652142,12.45273003116734,11.65622181718151,20.55000118609076,25.752977779439007,22.55500275959997,75.0,4.677526999079538,9.461235813182874,11.309159585780737,21.283914659735782,29.593385807657825,23.67477713456325
73,0.0,1706785.0,386668.0,0.0,160,FARMERS COTTAGE LAMPS LIMITED,91.66666666666666,11.889455497349655,6.896439586898021,12.566875234122335,8.15070624851392,28.94680107014157,31.549722362974496,91.66666666666666,12.178516242056592,9.91955805270566,12.666972060296516,8.730809038230197,23.183251766989752,33.320892839721274,91.66666666666666,14.09810777868053,13.823169332137661,13.153256799047302,11.478224801340245,21.992323806504984,25.454917482289268,91.66666666666666,17.383746177677573,12.00764666715519,12.805984832656506,12.729630618746373,19.713856872215615,25.359134831548747
74,0.0,2770123.0,1916697.0,0.0,161,GLEN CLEANING COMPANY LIMITED,91.66666666666666,7.96634059964055,5.842403144559203,9.143488655822988,11.82773553563832,28.372733861737252,36.84729820260168,91.66666666666666,9.443199868167863,8.870533294225748,13.272495164275183,13.945570482561504,25.93653749669359,28.53166369407611,91.66666666666666,11.614386608028045,14.012819008531904,9.67065879741282,13.427653200930173,23.5326031891597,27.741879195937358,91.66666666666666,12.619575849032156,12.015430147528331,12.782042764541002,14.636207674024288,22.633876963710776,25.312866601163446
75,0.0,4357213.0,3574459.0,150434.0,162,MIDWEST ELECTRICAL SERVICES LIMITED,91.66666666666666,4.720996447137606,6.510285059547316,10.420886923583609,16.529815654409,30.78531136041739,31.03270455490507,91.66666666666666,3.7062708736661656,8.040769251170607,12.128096042714187,16.278705211877586,29.852883106752977,29.993275513818475,75.0,8.274343963869732,10.045308946976606,11.319261451570602,19.241979305159365,27.29953043614409,23.819575896279606,75.0,5.479964502212128,10.610428876446997,10.703962059483493,19.632174754328165,29.720731468551932,23.85273833897729
76,0.0,2926000.0,1145000.0,159000.0,163,COLD FORMED PRODUCTS LIMITED,91.66666666666666,7.859804436754121,7.176885699706605,10.370070380916774,10.767633243408373,28.16162228728669,35.663983951927435,91.66666666666666,9.63045358082219,8.892539901540664,11.226712056607013,8.602611037289513,25.69390422885272,35.9537791948879,91.66666666666666,9.393339267496218,13.01900993376962,13.114416062954975,12.344418300365811,23.431325302104753,28.697491133308628,75.0,8.586980255798053,11.272941744830703,11.640625180819628,11.83409454549208,28.818287901823236,27.847070371236306
77,0.0,4424.0,1578.0,1715.0,165,MANAGED SERVICED OFFICES LIMITED,91.66666666666666,4.379972867483057,4.011975357766895,6.7480403794313455,9.530024963871039,32.08900593746446,43.24098049398321,91.66666666666666,4.8166123210882095,2.538930352062132,11.435312496933294,13.159943297005558,30.412281686524643,37.636919846386164,75.0,4.888380748189268,3.6432293229951918,11.89614617629364,17.204109701988767,32.829804539373995,29.538329511159144,75.0,4.6252772821541495,4.343897677912052,8.820437609104186,16.559107394872793,33.69808899747319,31.95319103848363
78,0.0,498800.0,255350.0,0.0,168,DIGITAL FUEL MARKETING LTD,91.66666666666666,8.162750700283288,6.170605522238127,9.254154903922936,10.644451546941866,27.798193622273377,37.9698437043404,91.66666666666666,11.285746361119095,8.94845851775422,10.333378863570882,11.48065971237739,25.81573302444277,32.13602352073564,91.66666666666666,11.317023003398345,13.606525629479233,12.818955598589351,13.004153198055878,22.14980219256374,27.103540377913447,91.66666666666666,13.458373792372361,12.304607992959886,13.096075810335686,15.04138306843533,20.206065291022046,25.893494044874686
79,0.0,3700000.0,420000.0,3280000.0,169,PARADIGM INTERVENTION TECHNOLOGIES LIMITED,58.33333333333333,2.123256493983663,5.704707225576375,11.846893025617211,70.32179688440799,7.220531476552628,2.7828148938621435,58.33333333333333,4.198901699276595,9.928516147384677,19.14514176630025,52.76748696450333,10.508587001789179,3.4513664207459627,58.33333333333333,2.241529231689829,10.364617630342718,16.88652271087715,57.07201598626563,9.53188904226073,3.903425398563931,58.33333333333333,5.4672814814650454,12.0152993156085,18.760800718504775,47.074899884898365,11.07546693379127,5.606251665732056
80,0.0,2358132.0,3355306.0,0.0,171,CLASS DELTA LTD,75.0,8.541345344309228,9.968295387832256,16.383832312390762,17.930259077926436,28.928202575163674,18.248065302377647,58.33333333333333,11.303494058392035,18.1371296778769,18.205853891435357,19.97255041309182,18.358733473059452,14.022238486144442,25.0,13.914417978889231,21.209967039964486,17.22902981820734,19.99078516623401,12.393425905733679,15.262374090971248,25.0,18.690795510490467,23.245808296011077,17.457659250469383,21.66474002636638,10.709274260000864,8.231722656661821
81,0.0,10773000.0,5195000.0,,172,EMICO HOLDINGS LIMITED,8.333333333333332,48.560922967536925,15.254834274900814,9.839101742240523,13.961983625424956,6.4830848452230985,5.90007254467368,8.333333333333332,47.113381086674075,26.327080831954454,4.149487094399421,14.850136886645757,3.458535557565405,4.101378542760889,8.333333333333332,43.548891378945065,26.94084934037152,4.780190133522237,10.62458865146623,3.347792007113849,10.757688488581095,25.0,24.430464627637235,30.084343136932983,24.055072820167272,11.93595807879178,3.8893756778803774,5.604785658590357
82,0.0,5875.0,1620.0,3908.0,174,TFM NETWORKS LIMITED,75.0,1.5189314321750507,3.977111447144688,9.018447890686113,18.116523147401637,49.5768706557658,17.792115426826705,75.0,1.5148960478081235,7.5123035098671505,10.729775418199514,29.65916530175834,32.73379651998517,17.85006320238169,75.0,1.3128423584674869,9.46486180464888,13.354183905926762,25.83715770982312,27.06979814428777,22.961156076845985,58.33333333333333,0.933812558067169,8.389939224150018,15.994484530437807,31.559362834522492,22.406476384220124,20.71592446860239
83,0.0,2349000.0,398000.0,700000.0,179,FIRST CARE AMBULANCE LIMITED,91.66666666666666,6.360480797894123,6.190302696016257,8.497538272434483,5.9921333419155465,33.217978536516604,39.74156635522298,91.66666666666666,6.847256671180254,6.768477904535608,8.161696550142167,10.067982609719142,25.783939499481917,42.370646764940915,91.66666666666666,4.551771238160045,6.864395018857386,11.52090249139832,11.828406296942404,24.579622367717437,40.6549025869244,75.0,8.036599487340267,7.721555533090048,10.72134796836602,12.205022775986055,31.092425472723768,30.223048762493843
84,0.0,1791441.0,252586.0,50603.0,182,SIRIUS CONFERENCE & EVENTS LIMITED,91.66666666666666,11.77930134989583,6.29526835705323,12.596107954898331,8.174623929148824,29.030991305976432,32.12370710302735,91.66666666666666,11.66982387156541,9.49502630948265,13.42511806607926,8.157532286822832,23.04668181646817,34.20581764958167,91.66666666666666,13.82204227642094,13.605534636754218,13.50722275137973,11.375640632340433,21.8647509553697,25.824808747734973,91.66666666666666,17.3534965224731,10.706904935551934,14.684207107676652,9.486237999950573,22.797397051747037,24.97175638260071
85,0.0,4923000.0,3068000.0,755000.0,183,POD FOOD LIMITED,91.66666666666666,5.191813157003993,4.7404781840283645,9.448930540148933,12.14865331500773,32.37262833651692,36.09749646729406,91.66666666666666,4.988229645863403,7.863235117174399,13.466478589483405,12.367403960132606,26.810278597313797,34.50437409003239,91.66666666666666,5.517113338971992,9.617172060365448,12.306744083209187,13.771952146633087,28.747894893748082,30.03912347707221,75.0,5.455503727340762,10.364231394077114,10.590624914589878,19.422616782453748,30.614499338496287,23.552523843042206
86,0.0,901.0,12.0,0.0,186,LEBC HOLDINGS LIMITED,75.0,11.546092100670844,6.74274359028941,12.052617361714791,7.75548797152035,31.26782779265134,30.635231183153266,91.66666666666666,12.20224950243117,9.936369112137653,12.50919179249807,8.75416756291465,23.225721811870578,33.37230021814788,91.66666666666666,14.535789353410328,14.037514733306706,13.932382615042252,11.701621790560564,20.104451861900603,25.688239645779543,91.66666666666666,19.678345278729704,11.53905518904335,15.80609653763408,10.719820112866769,17.944594155880825,24.31208872584528
87,0.0,730150.0,136863.0,0.0,189,COINFIRM LIMITED,91.66666666666666,11.889455497349655,6.896439586898021,12.566875234122335,8.15070624851392,28.94680107014157,31.549722362974496,91.66666666666666,12.178516242056592,9.91955805270566,12.666972060296516,8.730809038230197,23.183251766989752,33.320892839721274,91.66666666666666,14.076674578322173,13.893835095106283,13.788969050245903,11.55075817045012,21.241533764817135,25.448229341058383,91.66666666666666,19.94196992596997,11.725385782546608,14.51170712268975,10.896097603131158,18.2050986816282,24.719740884034316
88,0.0,475268.0,172814.0,124650.0,190,LH HOLDINGS 2019 LIMITED,91.66666666666666,5.20279779157947,6.008571597676717,8.171399863608205,5.433712237480784,32.65412538890604,42.52939312074879,91.66666666666666,4.7612879659489025,5.132168133113877,12.40234550931837,11.753500782255717,28.618790299966257,37.331907309396875,91.66666666666666,5.219894389407158,4.62975954471038,13.415295692055704,13.738335061733691,31.222175211688008,31.77454010040506,75.0,8.020455079913514,7.748125446777676,10.350481930456814,12.043479228382562,31.0443949615075,30.793063352961937
89,0.0,4726000.0,3297000.0,0.0,191,NEO G LIMITED,91.66666666666666,7.96634059964055,5.842403144559203,9.143488655822988,11.82773553563832,28.372733861737252,36.84729820260168,91.66666666666666,9.443199868167863,8.870533294225748,13.272495164275183,13.945570482561504,25.93653749669359,28.53166369407611,91.66666666666666,11.614386608028045,14.012819008531904,9.67065879741282,13.427653200930173,23.5326031891597,27.741879195937358,91.66666666666666,12.640043445392873,12.040161826464201,12.810679445414113,14.660939352960161,22.493410954878552,25.3547649748901
90,0.0,2405.0,632.0,1303.0,193,LEAN EDUCATION AND DEVELOPMENT LIMITED,75.0,3.934535683627943,4.821504191870765,7.666426560244339,14.461030275198446,35.103027557390995,34.01347573166752,91.66666666666666,4.439346544862974,2.458429904319271,9.804648075565963,13.810809677334582,31.9127329780524,37.57403281986481,75.0,3.871265590305264,2.9797508681763096,9.490362845905533,19.456946980432086,33.91003519546079,30.291638519720017,75.0,2.0583753898873844,7.563816739648986,10.24989598210317,22.89409828530909,32.2649745070332,24.96883909601817
91,0.0,3205000.0,2426000.0,2215000.0,195,DIRTY TRADING LIMITED,75.0,3.006855829161447,8.952747972413357,15.701542407949045,20.905554763261783,40.51410375382284,10.919195273391528,58.33333333333333,3.8866264481367407,11.680445019629781,21.8177707791985,26.802766815927548,24.53391723046666,11.278473706640773,58.33333333333333,12.878653202049662,14.503530435059824,21.698994275732638,23.91946379251223,15.969457459667918,11.029900834977727,58.33333333333333,11.876396425421216,21.70664801152757,23.21198701474571,23.739788381554572,11.86202821684984,7.603151949901095
92,0.0,5660.0,3141.0,0.0,197,INDOOR CLIMATE SYSTEMS (UK) LIMITED,91.66666666666666,8.260471556893373,6.020143099234397,9.332375014435442,10.692529617380705,28.012850251626126,37.68163046042995,91.66666666666666,10.688748858731028,8.813254862551762,11.343253644747548,12.222568030412225,25.322987916394187,31.60918668716325,91.66666666666666,11.366002907679592,13.648347688091139,12.861996826796759,13.017622965434311,22.391008744954817,26.715020867043382,91.66666666666666,12.693241426408463,12.104442720191374,12.885109953940313,14.725220246687329,22.12832128145051,25.463664371322015
93,0.0,2861000.0,1773000.0,240000.0,198,WJL CONTRACTS LIMITED,91.66666666666666,5.237474129689216,6.031812681952243,9.383894766549819,12.203461574272962,29.233856326916076,37.90950052061969,91.66666666666666,4.954306050654356,7.805080382530319,13.267090927846558,13.497868308332725,26.429248775925778,34.04640555471026,91.66666666666666,7.715107270840804,10.081727919341743,12.32646515288833,12.561455735764612,27.991863749095693,29.323380172068813,75.0,7.317601055638953,8.811973806809693,11.020739486163514,12.186565928628323,32.567917572942775,28.09520214981675
94,0.0,7355828.0,6046110.0,362500.0,199,IT FLEET AUTOMOTIVE LIMITED,91.66666666666666,4.597085167227513,6.42427071445805,11.623092408241774,17.539800656480857,29.24824894443137,30.567502109160426,91.66666666666666,3.7062708736661656,8.040769251170607,12.128096042714187,16.278705211877586,29.852883106752977,29.993275513818475,75.0,7.579557597958744,13.402782442968162,11.66313521116877,18.57888722182516,25.780318684511037,22.995318841568128,75.0,5.422236576107118,10.414978612348609,10.486795099374174,19.221729199721555,31.156178328345057,23.29808218410349
95,0.0,1203000.0,200000.0,0.0,204,SYLVAN ENTERPRISES OF SHERWOOD FOREST LIMITED,91.66666666666666,11.889455497349655,6.896439586898021,12.566875234122335,8.15070624851392,28.94680107014157,31.549722362974496,91.66666666666666,12.178516242056592,9.91955805270566,12.666972060296516,8.730809038230197,23.183251766989752,33.320892839721274,91.66666666666666,14.076674578322173,13.893835095106283,13.788969050245903,11.55075817045012,21.241533764817135,25.448229341058383,91.66666666666666,19.835341116145372,11.604582619998952,15.976653998137834,10.04415321914125,18.071497610043043,24.46777143653355
96,0.0,2970180.0,1069768.0,-8852.0,206,AUTOMATED MATERIALS HANDLING LIFE SERVICES LIMITED,91.66666666666666,10.403992129648595,6.575851436292451,11.64992386307786,12.288601920188851,27.633396931186677,31.44823371960557,91.66666666666666,11.98439656121106,10.234112829941566,12.453774697689237,8.539754404976966,22.83587970652933,33.95208179965184,91.66666666666666,13.584226731731599,13.272422289051761,13.205786597070853,12.62847251428047,21.038380905272486,26.27071096259283,91.66666666666666,15.201876794659915,11.765693792731895,14.610800327724425,14.349889431295434,19.274467114578712,24.797272539009615
97,0.0,9851000.0,1966000.0,485000.0,207,ONE REBEL LTD,91.66666666666666,10.844676325822638,6.01614196524797,12.490549567371664,8.179773913214232,30.236687871793517,32.23217035654998,91.66666666666666,11.66982387156541,9.49502630948265,13.42511806607926,8.157532286822832,23.04668181646817,34.20581764958167,91.66666666666666,11.149620778312775,13.470500396379034,13.541024923226441,11.297002773697978,23.324649226398215,27.21720190198555,91.66666666666666,10.601200674690048,11.16611794676073,14.4698591639049,12.616555063322876,23.662661880798648,27.483605270522798
98,0.0,2112.0,538.0,0.0,208,CREW A LA MODE LIMITED,91.66666666666666,11.889455497349655,6.896439586898021,12.566875234122335,8.15070624851392,28.94680107014157,31.549722362974496,91.66666666666666,12.029502399020013,9.890106629415072,12.506492145628451,8.584148045346828,22.91659541629272,34.07315536429692,91.66666666666666,13.883617010069283,13.589085083447388,13.486464983012434,11.23272895490954,21.454200736297047,26.353903232264308,91.66666666666666,15.721218021767525,11.679880197526826,14.543924158951747,14.277042176025198,19.164804579763302,24.613130865965406
99,0.0,6117669.0,3462628.0,515971.0,209,WILTON UK (GROUP) LIMITED,91.66666666666666,6.785564702488064,6.201359129427147,9.692831580078746,7.863792603800748,29.98099253016321,39.47545945404209,91.66666666666666,5.004310705614117,7.88880981460927,13.515123795229316,12.408368343918637,26.567292203907094,34.61609513672156,91.66666666666666,8.491652539413021,9.97482095437772,12.46532478734054,12.342846080478502,27.698095919711974,29.02725971867825,75.0,8.521627798528419,8.701310101193894,10.901004985005432,12.056140847009702,32.080997268233254,27.7389190000293
100,0.0,5530246.0,3836384.0,158346.0,210,PARKER FITZGERALD LIMITED,91.66666666666666,6.37922808058871,5.9420793707454775,9.282976926224764,12.064641626537624,28.892039960707738,37.439034035195675,91.66666666666666,6.106682212025158,7.7516436626715715,13.083879316902284,13.353072035167092,26.07913138741127,33.62559138582263,91.66666666666666,8.983378013773494,11.995022628638182,11.828051265478932,12.97806166885221,26.877097755220696,27.33838866803649,75.0,7.351946510608015,9.820455817057644,11.002021534428664,14.17380857008263,30.675279096059942,26.976488471763105
101,0.0,1409400.0,363000.0,0.0,211,KAIZEN REPORTING LIMITED,91.66666666666666,11.889455497349655,6.896439586898021,12.566875234122335,8.15070624851392,28.94680107014157,31.549722362974496,91.66666666666666,12.03708283285579,9.83229335359847,12.515351777674013,8.591608788122038,22.930160403156734,34.09350284459295,91.66666666666666,13.883617010069283,13.589085083447388,13.486464983012434,11.23272895490954,21.454200736297047,26.353903232264308,91.66666666666666,15.721218021767525,11.679880197526826,14.543924158951747,14.277042176025198,19.164804579763302,24.613130865965406
102,0.0,1916051.0,1410715.0,78009.0,216,BACKHOUSE JONES LIMITED,91.66666666666666,5.3829733225624645,6.2418324158818645,9.682314069453444,12.607959852343791,29.996255383468668,36.088664956289776,91.66666666666666,6.1993448941824125,7.803353432836767,13.261169957468669,12.285392088104981,26.41793380153364,34.03280582587354,75.0,8.762423320830099,10.343012569042397,12.447200034888661,13.853993068584908,28.39971419852152,26.193656808132417,75.0,5.479964502212128,10.610428876446997,10.703962059483493,19.632174754328165,29.720731468551932,23.85273833897729
103,0.0,2107631.0,156593.0,206048.0,220,BRANDSAFE PROTECTION LTD,91.66666666666666,10.867180220665421,6.026215137225215,12.317821230750084,8.205676355441435,30.291001326103263,32.29210572981459,91.66666666666666,11.76830977673569,9.581693906032498,13.536230369348297,7.155703356075279,23.33557380496767,34.62248878684056,91.66666666666666,10.95525892841863,11.1000968541712,13.230983667518654,10.943819063122344,24.54522686076428,29.224614626004897,91.66666666666666,15.646218108340598,9.741087114247515,15.172383657043905,9.859103092865988,23.628830311815175,25.95237771568682
104,0.0,3373217.0,898496.0,814421.0,221,ENABLE INTERNATIONAL LIMITED,91.66666666666666,5.215195951832445,6.095812583889549,8.997765234995994,7.594821310065295,32.74828546761697,39.34811945159975,91.66666666666666,6.958238921175769,8.403137847338705,9.982675067042765,11.034208824499665,26.42680319053931,37.19493614940379,91.66666666666666,5.501110030561168,8.010384671734458,13.344211849419846,13.438783149526696,28.141980053404435,31.563530245353395,75.0,8.340183425511258,9.32228776720839,10.820432870799902,12.7189748844934,30.651721588962843,28.146399463024206
105,0.0,1496000.0,664000.0,2000.0,226,IMD GROUP LIMITED,91.66666666666666,10.038849208161219,7.353887976102009,10.467094236531008,10.590542023898397,27.838315092402848,33.71131146290451,91.66666666666666,11.362496536630449,9.121437842134924,11.064854524606815,9.54739046715523,22.57801676261102,36.32580386686156,91.66666666666666,12.544703831502648,13.391119094085912,13.384567528620225,12.762006419943889,21.312476816897398,26.605126308949924,91.66666666666666,13.542163310752755,12.362063662706444,12.552832757363547,15.162039974903099,20.324356375794373,26.05654391847978
106,0.0,3672818.0,1507745.0,304721.0,228,SAMURAI ULTIMATE SPORTSWEAR LIMITED,91.66666666666666,6.664242850389755,6.220010818227135,10.02621843064447,9.533092111141176,29.225384609241022,38.33105118035643,91.66666666666666,7.625740513744369,8.468992311980378,11.398146616213154,11.119042864938791,25.58939310753006,35.79868458559325,91.66666666666666,8.525883378819541,9.9671611834575,13.119352250443544,12.315561882974839,26.99473407677562,29.077307227528948,75.0,8.524849734577542,9.367933053710724,11.697283777411457,11.892925541570055,30.82072745379615,27.696280438934075
107,0.0,3512000.0,1043000.0,596000.0,229,MASS HOLDINGS AND INVESTMENTS LIMITED,91.66666666666666,7.3368075837886115,6.141081396711062,9.949628692797505,10.628385895210842,28.706969774752217,37.237126656739754,91.66666666666666,7.57834387998349,8.450905114878019,10.960551732758821,10.882675103882537,25.402813276171933,36.7247108923252,91.66666666666666,8.434590403034155,9.902862387920749,12.908443420613242,12.099510678695221,26.648544025459497,30.006049084277127,75.0,8.459564321301006,10.180515026332067,11.56985992651937,11.823464163308165,30.518950509277104,27.447646053262293
108,0.0,3076080.0,1807741.0,0.0,231,SECRUTINY LIMITED,91.66666666666666,8.260471556893373,6.020143099234397,9.332375014435442,10.692529617380705,28.012850251626126,37.68163046042995,91.66666666666666,9.440268945243472,8.86849839630967,13.270167666658756,13.942555818982132,25.954382137678287,28.524127035127684,91.66666666666666,11.347758997131649,13.621577082137195,12.82167498435786,12.987506033736123,22.581885308020556,26.639597594616614,91.66666666666666,12.693241426408463,12.104442720191374,12.885109953940313,14.725220246687329,22.12832128145051,25.463664371322015
109,0.0,2704845.0,2147498.0,151041.0,239,AURA TECHNOLOGY LIMITED,91.66666666666666,4.6829223877149575,6.54166457278989,10.088706818996123,16.522918399818078,30.956714562985866,31.20707325769508,91.66666666666666,3.7062708736661656,8.040769251170607,12.128096042714187,16.278705211877586,29.852883106752977,29.993275513818475,75.0,7.551710053012024,9.888229872457034,11.731869654494487,18.81420334818748,27.594026346233385,24.4199607256156,75.0,5.505580575007304,9.420175533506917,10.608866081152495,19.423363432820988,31.497514575116014,23.54449980239628
110,0.0,1643547.0,682608.0,57392.0,243,CRAIGALAN GROUP LTD,91.66666666666666,7.899035690307317,7.4436597860512865,10.448835586371578,10.83252031225539,28.304176612581273,35.07177201243316,91.66666666666666,9.637473804729053,8.818384468063703,11.234632309219887,8.60932603406999,25.7167032417312,35.98348014218617,91.66666666666666,9.603581374098088,13.347761152347548,13.42382897455773,12.713393197452097,23.815674153236298,27.095761148308238,91.66666666666666,9.098247672383678,12.141087748800572,12.2671457437913,12.581148111793933,26.69095431342215,27.221416409808374
111,0.0,1723000.0,1068000.0,0.0,244,SN&CK MEDIA LIMITED,91.66666666666666,8.260471556893373,6.020143099234397,9.332375014435442,10.692529617380705,28.012850251626126,37.68163046042995,91.66666666666666,9.440268945243472,8.86849839630967,13.270167666658756,13.942555818982132,25.954382137678287,28.524127035127684,91.66666666666666,11.347758997131649,13.621577082137195,12.82167498435786,12.987506033736123,22.581885308020556,26.639597594616614,91.66666666666666,12.693241426408463,12.104442720191374,12.885109953940313,14.725220246687329,22.12832128145051,25.463664371322015
112,0.0,864625.0,864545.0,0.0,251,DIAZONE COMPUTER SERVICES LIMITED,75.0,6.406905962520792,6.648162870257421,12.216427522753207,17.90308374286478,28.688429675467358,28.136990226136447,58.33333333333333,9.547306274361253,9.525001728247098,15.956202156813756,24.371099710984065,22.1429016852455,18.45748844434832,58.33333333333333,9.606302600293033,13.783839181272606,14.132618016812359,27.518518432515453,18.526484107401316,16.43223766170523,58.33333333333333,9.238189090973789,11.959929912508168,16.868569183305755,31.265665877981398,15.005280208597197,15.662365726633695
113,0.0,341398.0,142000.0,0.0,252,NEXUS INDEPENDENT FINANCIAL ADVISERS LIMITED,91.66666666666666,10.133093740118523,7.350125291318492,10.612338790109172,12.028915413670019,27.6638428247656,32.2116839400182,91.66666666666666,12.071042823217685,9.843740598826981,11.78733915995632,9.10983172368716,22.99340895410141,34.19463674021044,91.66666666666666,13.584226731731599,13.272422289051761,13.205786597070853,12.62847251428047,21.038380905272486,26.27071096259283,91.66666666666666,15.054078061807813,12.06671152148437,12.829916305485792,14.807198283764508,19.762722616417218,25.4793732110403
114,0.0,2759786.0,3314111.0,9589332.0,253,ARGYLL PRODUCTIONS LIMITED,8.333333333333332,71.36842199330843,23.76551465385121,1.707748275157512,3.1583150776828393,0.0,0.0,8.333333333333332,81.35109400028831,12.343460921680522,3.9925218565934686,0.9954651034177636,0.0,1.3174581180199216,8.333333333333332,75.45349407566516,15.701020874805799,1.6646044402119968,4.404855713448966,2.5226055916068724,0.2534193042612074,8.333333333333332,83.5181572101525,12.240070761129378,0.0,1.2255549350042771,1.9447885222852717,1.0714285714285714
115,0.0,1520268.0,757768.0,0.0,255,AA ABACUS ROTA-ROD LIMITED,91.66666666666666,8.133272810756651,6.347282852521732,9.53323173993102,10.578487657819753,27.652369387277886,37.75535555169295,91.66666666666666,11.300686112854965,8.928637997839518,11.457956200858229,11.530693185100224,24.75352534409073,32.02850115925634,91.66666666666666,11.23808093684227,13.483085558425751,13.553222288916228,12.86560987124997,21.91324868217342,26.94675266239236,91.66666666666666,13.26472448228268,12.099700002051042,12.862154298590186,14.694615699204977,21.65598687946439,25.422818638406717
116,0.0,2942891.0,1742561.0,79301.0,256,CTM SYSTEMS LIMITED,91.66666666666666,6.689617876091929,5.983237933435424,9.322182601711312,10.813697983000523,29.00430469849489,38.186958907265925,91.66666666666666,6.224116810907762,7.828498424548172,13.30834188644841,12.325767961878437,26.172131976226797,34.141142939990424,91.66666666666666,8.878339723930807,11.760012416940189,12.782212814888885,11.964661578421666,26.341671973957613,28.273101491860842,91.66666666666666,9.02990271149318,10.973495225918901,11.36134164082914,13.345792820605565,26.518341811217518,28.77112578993569
117,0.0,6719378.0,349102.0,0.0,258,BRICK LANE BIKES LIMITED,75.0,11.546092100670844,6.74274359028941,12.052617361714791,7.75548797152035,31.26782779265134,30.635231183153266,91.66666666666666,12.20224950243117,9.936369112137653,12.50919179249807,8.75416756291465,23.225721811870578,33.37230021814788,91.66666666666666,14.535789353410328,14.037514733306706,13.932382615042252,11.701621790560564,20.104451861900603,25.688239645779543,91.66666666666666,19.678345278729704,11.53905518904335,15.80609653763408,10.719820112866769,17.944594155880825,24.31208872584528
118,0.0,8696360.0,4987145.0,0.0,259,ELITE LANDSCAPES LIMITED,91.66666666666666,8.260471556893373,6.020143099234397,9.332375014435442,10.692529617380705,28.012850251626126,37.68163046042995,91.66666666666666,9.575613693979578,9.00203049216092,11.96761470786444,14.1281091035397,26.403049979738487,28.923582022716882,91.66666666666666,11.366002907679592,13.648347688091139,12.861996826796759,13.017622965434311,22.391008744954817,26.715020867043382,91.66666666666666,12.693241426408463,12.104442720191374,12.885109953940313,14.725220246687329,22.12832128145051,25.463664371322015
119,0.0,8696.0,4987.0,0.0,262,ELITE LANDSCAPES LIMITED,91.66666666666666,8.260471556893373,6.020143099234397,9.332375014435442,10.692529617380705,28.012850251626126,37.68163046042995,91.66666666666666,9.575613693979578,9.00203049216092,11.96761470786444,14.1281091035397,26.403049979738487,28.923582022716882,91.66666666666666,11.366002907679592,13.648347688091139,12.861996826796759,13.017622965434311,22.391008744954817,26.715020867043382,91.66666666666666,12.693241426408463,12.104442720191374,12.885109953940313,14.725220246687329,22.12832128145051,25.463664371322015
120,0.0,1326236.0,214568.0,0.0,263,ON SIGHT LIMITED,91.66666666666666,11.889455497349655,6.896439586898021,12.566875234122335,8.15070624851392,28.94680107014157,31.549722362974496,91.66666666666666,12.178516242056592,9.91955805270566,12.666972060296516,8.730809038230197,23.183251766989752,33.320892839721274,91.66666666666666,14.197755487289818,14.09151821178815,13.986286087082064,11.758325442966083,20.187664768994658,25.77845000187923,91.66666666666666,19.835341116145372,11.604582619998952,15.976653998137834,10.04415321914125,18.071497610043043,24.46777143653355
121,0.0,172266.0,117480.0,992.0,265,ASPIRATIONS FINANCIAL ADVICE LTD,91.66666666666666,7.96634059964055,5.842403144559203,9.143488655822988,11.82773553563832,28.372733861737252,36.84729820260168,91.66666666666666,8.92409660839029,7.71729010280024,13.079623239056653,13.814299863218233,25.67918487607993,30.785505310454653,91.66666666666666,9.473150683748468,12.627222132973456,12.334802291608367,13.886715544618372,24.190313767377695,27.487795579673644,91.66666666666666,9.327482088829077,11.698200080880769,12.618339988634316,15.058879247081899,25.015086799199864,26.28201179537407
122,0.0,11399000.0,10882000.0,244000.0,272,SECURI-PLEX LIMITED,75.0,4.679127622104237,6.700340814666362,11.828762880322186,18.104064778289032,29.398406151033896,29.289297753584293,75.0,4.629793613612569,9.349708491875527,13.532199039974715,22.885495505466533,25.596996000921145,24.005807348149506,91.66666666666666,8.56975346843227,14.167484572007744,12.188809974853132,21.505882006669484,20.732362974961678,22.835707003075694,91.66666666666666,5.585388279783721,11.773655602020028,13.665726273886841,20.55862565878383,23.59320884555248,24.823395339973114
123,0.0,1853000.0,1184000.0,0.0,277,RENT4SURE LTD,91.66666666666666,8.130795714863265,5.9417814792941765,9.249099191210835,10.65192405068441,28.712607766530862,37.31379179741644,91.66666666666666,9.440268945243472,8.86849839630967,13.270167666658756,13.942555818982132,25.954382137678287,28.524127035127684,91.66666666666666,11.454628755388029,13.796058320106791,12.995833108923813,13.170711333604201,22.997923296366558,25.584845185610604,91.66666666666666,12.693241426408463,12.104442720191374,12.885109953940313,14.725220246687329,22.12832128145051,25.463664371322015
124,0.0,4882210.0,1220969.0,435827.0,278,MILES AND BARR LIMITED,91.66666666666666,10.416111963353176,5.682848345102328,11.64414324619066,10.443728690489232,28.815837854813196,32.99732990005139,91.66666666666666,9.677342626186194,9.468653209875308,13.301936695893978,8.007412343246072,23.32226579674903,36.22238932804942,91.66666666666666,8.746919100219383,10.770714335592816,12.97917799502843,12.190328122630387,26.519647491520033,28.79321295500895,75.0,9.75406125171623,10.562895774445417,13.976438930814822,12.132893016182848,27.28531504861141,26.28839597822928
125,0.0,878275.0,445507.0,9032.0,282,ROTHBAND LIMITED,91.66666666666666,7.086247520086868,6.032160795882318,9.374173508074366,10.839048920813914,28.233534511479014,38.43483474366352,91.66666666666666,9.223607910766193,8.481939945724351,10.050884620061066,11.071130762506096,25.60463220751497,35.56780455342733,91.66666666666666,9.608267433341359,13.355625321000678,13.430799487682096,12.718597847251623,23.826000839346467,27.060709071377776,91.66666666666666,9.191352920701581,12.367607972588697,13.072025554117412,14.829602954247578,24.69359432671345,25.845816271631282
126,0.0,3617000.0,971000.0,0.0,285,GLANVILLE CONSULTANTS LIMITED,91.66666666666666,11.982226020106287,6.958513980801354,12.714121470823263,8.255073086615127,28.242704318168617,31.847361123485353,91.66666666666666,12.038632602869335,9.820473808281353,12.517163071377343,8.593134088082738,22.932933675812556,34.09766275357667,91.66666666666666,13.859311586303383,13.544301208713375,13.276980079130613,11.61540567795496,21.41203487274072,26.291966575156945,91.66666666666666,15.538137072657795,11.710131665418489,14.567499703916498,14.302722680361802,19.203463403495824,24.678045474149595
127,0.0,20761398.0,7766301.0,6314373.0,287,VICTORIAN HOUSE (SALES) LTD,91.66666666666666,5.094535282616786,4.155318810150189,6.841013016432246,5.2941255852865945,33.216210018447754,45.39879728706644,91.66666666666666,4.710833411396265,3.575724036216573,12.162374799424162,12.850654060501506,29.783171563416555,36.917242129044936,91.66666666666666,4.871839844420801,3.5748505059090085,11.433977903664223,14.365323142763348,31.372302018123122,34.38170658511949,91.66666666666666,4.72569282109495,4.710501504013303,8.440189591458651,10.371335029484648,33.03991530727887,38.71236574666958
128,0.0,341671.0,174125.0,83920.0,288,VISIONARY GROUP LTD,91.66666666666666,5.192767494724374,4.6845424869455075,8.122927943955203,12.031768931660821,32.47371333764397,37.49427980507013,91.66666666666666,4.740826399775092,5.07347976871414,12.242264009961515,12.922361398376761,27.800211854743008,37.22085656842949,75.0,5.238791062056798,4.99232259706739,12.123253104624094,15.372651360862596,31.163276796347645,31.10970507904148,75.0,4.798011859639785,8.734690695912096,10.447093361373424,16.686415706147166,32.09886823628015,27.23492014064738
129,0.0,3193834.0,1655044.0,0.0,290,ORIGIN STORAGE LIMITED,91.66666666666666,8.162750700283288,6.170605522238127,9.254154903922936,10.644451546941866,27.798193622273377,37.9698437043404,91.66666666666666,11.283430867004752,8.946420882933594,10.330766511236748,11.503150030375064,25.808213181652373,32.12801852679747,91.66666666666666,11.308561459733003,13.59329448926668,12.809788926285231,12.989303188923204,22.212317123769314,27.086734812022563,91.66666666666666,13.458373792372361,12.304607992959886,13.096075810335686,15.04138306843533,20.206065291022046,25.893494044874686
130,0.0,605083.0,377417.0,54805.0,292,IEP FINANCIAL LIMITED,91.66666666666666,5.237474129689216,6.031812681952243,9.383894766549819,12.203461574272962,29.233856326916076,37.90950052061969,91.66666666666666,4.954306050654356,7.805080382530319,13.267090927846558,13.497868308332725,26.429248775925778,34.04640555471026,91.66666666666666,7.696801373877267,10.063746211816756,12.543967240499684,12.531236477285123,27.91654805873143,29.24770063778974,75.0,7.317601055638953,8.811973806809693,11.020739486163514,12.186565928628323,32.567917572942775,28.09520214981675
131,0.0,274252.0,235522.0,0.0,294,ONYX BUSINESS SYSTEMS LIMITED,91.66666666666666,6.433527451046232,6.601926640766724,11.074345706871455,16.70047266493989,29.310108976245232,29.87961856013046,91.66666666666666,8.101098417785972,8.664971160239086,11.622381922373956,16.733275410804286,26.980876723331924,27.897396365464765,91.66666666666666,10.027719749100028,13.58476760629374,9.32760135574546,20.222076749470887,22.718084150783262,24.11975038860662,91.66666666666666,8.603337289307005,11.666154635427644,11.653954914843471,20.340533792121583,23.188592495982107,24.54742687231819
132,0.0,1371000.0,678000.0,329000.0,296,LITERACY CAPITAL PLC,91.66666666666666,5.143891463313505,4.651549661690877,9.150183354935178,11.916777531460518,31.972988149361637,37.164609839238274,91.66666666666666,4.778483771275997,5.147717553550302,12.745099466576558,12.992909522184698,28.044448009835882,36.29134167657656,75.0,5.191923268500265,5.759711016830048,12.523108951388012,14.827993361341758,30.87929167823124,30.81797172370867,75.0,5.68118651697175,8.73405176541526,10.908737605799393,14.002228792467298,32.259887930754246,28.41390738859205
133,0.0,15408000.0,2203000.0,6780000.0,297,CARGOSTORE WORLDWIDE TRADING LIMITED,91.66666666666666,4.128028384543555,4.41558994595562,5.770759473818568,3.2813801424496387,26.955278301038387,55.44896375219424,91.66666666666666,4.465907604865095,2.5933307566222097,12.573020338660044,11.983383000966459,30.57697830769318,37.807379991193024,75.0,4.25197414263101,3.973590432514239,13.22470584747299,14.663444474908044,32.72791478881986,31.158370313653855,75.0,4.532314152843206,5.045972490207588,9.859054346274197,14.554119591420395,33.62780651087386,32.38073290838075
134,0.0,16408000.0,5769000.0,2832000.0,301,TOTAL INTEGRATED SOLUTIONS LIMITED,91.66666666666666,5.582478749866403,6.254013909328966,9.744422104279634,7.919197876194758,30.195698263965625,40.30418909636461,91.66666666666666,7.625740513744369,8.468992311980378,11.398146616213154,11.119042864938791,25.58939310753006,35.79868458559325,91.66666666666666,7.683462731618344,9.305118434064152,13.025412718344967,12.23553329305937,27.47395569064007,30.276517132273096,75.0,8.336097400966521,8.65180940578189,10.846381389326778,12.731390342877758,31.881798355438324,27.552523105608728
135,0.0,3043112.0,1067188.0,62609.0,302,ECOVIS WINGRAVE YEATS UK LIMITED,91.66666666666666,10.157886360781692,6.427283233811257,11.21872529128864,12.033984475212938,27.086155695721736,33.07596494318375,91.66666666666666,9.88440352447099,9.66120590383694,11.531711175023625,8.163175412825808,23.716267003957075,37.04323697988555,91.66666666666666,9.608267433341359,13.355625321000678,13.430799487682096,12.718597847251623,23.826000839346467,27.060709071377776,91.66666666666666,13.980074693896277,11.72071598487869,14.332700919932922,12.83358444975003,22.41689431095272,24.716029640589365
136,0.0,1285000.0,149000.0,20000.0,303,PACEPRINT UK LTD,91.66666666666666,11.90727844322387,6.291453551489133,12.579153263502349,8.160751908915746,28.982161794756,32.07920103811289,91.66666666666666,11.877263654979755,9.684281036361146,11.588772110423298,8.449795527178399,23.43953674826094,34.960350922796465,91.66666666666666,14.041516997626388,11.675934390972333,13.828027202059697,11.703669877101794,22.38306313091321,26.367788401326575,91.66666666666666,17.46331844841484,10.804870749595716,16.65122344056411,9.584626304577444,20.236173126466777,25.259787930381115
137,0.0,286447.0,241811.0,0.0,305,FAN19 LIMITED,75.0,6.179265022333541,6.277822628939009,9.713305498219702,14.301059009844518,33.85195725062073,29.6765905900425,91.66666666666666,9.123855871109097,8.589074166182622,11.478019514929057,16.385123691823456,26.759843372220125,27.664083383735637,75.0,10.543445350487302,11.50890950174908,8.975934052594,17.94655384675556,25.776584835502938,25.24857241291112,91.66666666666666,8.603337289307005,11.666154635427644,11.653954914843471,20.340533792121583,23.188592495982107,24.54742687231819
138,0.0,1219000.0,141000.0,0.0,306,TIDEWAY WEALTH MANAGEMENT LTD,91.66666666666666,11.889455497349655,6.896439586898021,12.566875234122335,8.15070624851392,28.94680107014157,31.549722362974496,91.66666666666666,12.192116014197955,9.929333576021449,12.49991707445411,8.82366289506902,23.208727763280717,33.34624267697675,91.66666666666666,14.535789353410328,14.037514733306706,13.932382615042252,11.701621790560564,20.104451861900603,25.688239645779543,91.66666666666666,19.651778143078097,11.516840678771553,15.77609529780023,10.874659905199216,17.916205885930516,24.264420089220383
139,0.0,7384267.0,4843823.0,662928.0,312,ABL ACCIDENT REPAIR GROUP LIMITED,91.66666666666666,5.061376353805998,5.900997191296136,9.175779213233287,11.782983211449768,31.39575873449612,36.68310529571869,91.66666666666666,4.958167646992184,7.811700261966595,13.28978765734236,13.369185102435665,26.472622225992264,34.098537105270935,91.66666666666666,7.6547207109207855,9.956904243552971,12.054455663827284,13.161734796412638,27.914098827728495,29.258085757557833,75.0,7.206538251787185,8.761881133902941,10.97140551214868,15.961869744807991,30.33336889852486,26.76493645882835
140,0.0,4126787.0,498290.0,11900.0,313,TOUCHLINE FABRICATIONS LIMITED,91.66666666666666,11.889455497349655,6.896439586898021,12.566875234122335,8.15070624851392,28.94680107014157,31.549722362974496,91.66666666666666,11.877263654979755,9.684281036361146,11.588772110423298,8.449795527178399,23.43953674826094,34.960350922796465,91.66666666666666,14.25162087973407,13.985480003565689,13.889906510208865,11.721225379689766,20.043550930022295,26.1082162967793,91.66666666666666,20.001762401692268,11.5401882645742,16.142834878864253,9.405775886870751,18.22419776000721,24.685240807991317
141,0.0,791000.0,178000.0,0.0,316,INTEGRAL SCAFFOLDING LIMITED,91.66666666666666,11.889455497349655,6.896439586898021,12.566875234122335,8.15070624851392,28.94680107014157,31.549722362974496,91.66666666666666,12.178516242056592,9.91955805270566,12.666972060296516,8.730809038230197,23.183251766989752,33.320892839721274,91.66666666666666,14.09810777868053,13.823169332137661,13.153256799047302,11.478224801340245,21.992323806504984,25.454917482289268,91.66666666666666,17.383746177677573,12.00764666715519,12.805984832656506,12.729630618746373,19.713856872215615,25.359134831548747
142,0.0,10267376.0,5434211.0,108938.0,317,COLIN MEAR ENGINEERING LIMITED,91.66666666666666,7.086247520086868,6.032160795882318,9.374173508074366,10.839048920813914,28.233534511479014,38.43483474366352,91.66666666666666,9.383536103584444,8.579374869093868,11.663856469169762,12.147963528619869,25.89587081896838,32.32939821056367,91.66666666666666,9.611133513070127,13.308412543042843,12.748957336627791,12.91027089355103,24.058385874655674,27.362839839052533,91.66666666666666,9.166220923729298,12.37108771020817,13.076054723992591,14.833082691867055,24.70184259366332,25.851711356539575
143,0.0,667176.0,266851.0,-85099.0,318,HOWARD WRIGHT LTD,91.66666666666666,11.89750411497589,6.901825058986163,12.579650074889557,8.159760943343434,28.88571479661296,31.575545011192,91.66666666666666,12.038632602869335,9.820473808281353,12.517163071377343,8.593134088082738,22.932933675812556,34.09766275357667,91.66666666666666,13.810281802705425,13.492442783753997,13.231014657007531,11.411357133860463,21.343937951076892,26.710965671595687,91.66666666666666,15.538137072657795,11.710131665418489,14.567499703916498,14.302722680361802,19.203463403495824,24.678045474149595
144,0.0,4164277.0,615656.0,0.0,320,C AND G COMMERCIAL SERVICES LIMITED,91.66666666666666,11.889455497349655,6.896439586898021,12.566875234122335,8.15070624851392,28.94680107014157,31.549722362974496,91.66666666666666,12.192116014197955,9.929333576021449,12.49991707445411,8.82366289506902,23.208727763280717,33.34624267697675,91.66666666666666,14.535789353410328,14.037514733306706,13.932382615042252,11.701621790560564,20.104451861900603,25.688239645779543,91.66666666666666,19.876206132739643,11.638752518583237,16.0228012825021,9.805981864649151,18.11516385761353,24.54109434391233
145,0.0,5019568.0,3131937.0,866783.0,321,SHIELD SAFETY GROUP LIMITED,91.66666666666666,4.553580430063386,4.756781359938403,9.556684918310594,14.232191624694462,33.26448025451799,33.63628141247518,91.66666666666666,4.988229645863403,7.863235117174399,13.466478589483405,12.367403960132606,26.810278597313797,34.50437409003239,75.0,5.547763705018066,9.871647366012851,12.33144244993487,15.540638269990684,28.93054234575587,27.777965863287662,75.0,5.470498838409435,10.337728339568427,10.05562372850216,19.34561011781164,31.34154894292524,23.44899003278309
146,0.0,1514947.0,1237566.0,307442.0,323,SLR CONSULTANTS LIMITED,91.66666666666666,2.4265464389110822,6.83765405931095,12.976190400991234,17.262448901828925,29.891788415665133,30.60537178329268,58.33333333333333,4.6115089940010625,9.47609458491466,16.251941844811693,23.758859238135795,23.22833564671664,22.673259691420146,58.33333333333333,7.273797652881994,12.528898190685478,14.259050602990003,26.8627101035363,17.989148922501002,21.086394527405222,58.33333333333333,8.438536703251511,11.82000506307797,17.526651362849602,30.89879576508126,15.788327937124002,15.527683168615667
147,0.0,1220459.0,477200.0,645.0,324,ETHICAL NETWORKING LTD,91.66666666666666,10.223386453884709,6.712035343958296,11.155411322665516,12.131314346292296,27.293646692915395,32.484205840283785,91.66666666666666,11.64422458647243,9.518053150967845,11.659479963830725,8.208671119008224,22.073574009654823,36.89599717006596,91.66666666666666,13.584226731731599,13.272422289051761,13.205786597070853,12.62847251428047,21.038380905272486,26.27071096259283,91.66666666666666,14.906848002952138,12.09103915043658,12.848875289965573,14.827850034715699,19.793811273763097,25.53157624816692
148,0.0,1861254.0,716332.0,217448.0,326,NEONAVITAS LIMITED,91.66666666666666,6.374005964033899,6.180548069522374,10.3682060306398,7.866653664845462,29.885641295987895,39.32494497497057,91.66666666666666,7.625740513744369,8.468992311980378,11.398146616213154,11.119042864938791,25.58939310753006,35.79868458559325,91.66666666666666,8.275481819459635,9.881797106900374,12.903241412644856,12.094339912035153,26.848710039070223,29.99642970988976,75.0,8.57483991411015,9.420374706503134,10.954840193275476,12.114782770303853,31.03605084482821,27.89911157097918
